Colocação,Nome,Equipe,Categoria/Classe,Pontos,Etapa I - Guarulhos,Etapa II - Votorantim,Etapa III - S.J. do Rio Preto,Etapa IV - Jacareí,Etapa V - Jacareí,Etapa VI - Mogi das Cruzes,Paulistão
1,CLARA TENORIO BEZERRA,CR SALDANHA DA GAMA/SANTA CECÍLIA/FUPES - SP,SUB-09 FEM,100,20,20,20,20,20,,
1,DANIEL SIDNEY GIMENES,UNASP ENGENHEIRO COELHO - SP,MASTER 70MAS,100,20,20,20,20,20,,
1,ANA MARIA CARTAROZZI FERRARI,CERÂMICA CLUBE - MOGI GUAÇU-SP,MASTER 70FEM,88,14,14,20,20,20,,
1,GIULIA MARTINELLI,TEAM MANCINI -SP,SUB-19 FEM,88,14,20,14,20,20,,
1,JOANA DOMINGUES DA SILVA PALMEIRA,ASSOCIAÇÃO ATLÉTICA PONTE PRETA COUNTRY CLUB-SP,MASTER 60FEM,88,20,14,20,20,14,,
1,RICARDO FERRAZ INSELSPERGER,CLUBE ITUANO DE ESPORTES-SP,MASTER 40MAS,87,20,7,20,20,20,,
1,GABRIEL YUZO NAGASAKI,ADECO/CENTRO OLÍMPICO/CEPEUSP-SP,SUB-11 MAS,84,20,14,20,20,10,,
1,EMILIA HATSUE MATSUMURA,TMSA - TÊNIS DE MESA SANTO ANDRÉ - SP,MASTER 50FEM,82,14,14,14,20,20,,
1,MATEUS RITUCCI RODRIGUES MOREIRA,ASSOCIAÇÃO FRANCANA DE VOLEIBOL,SUB-09 MAS,81,14,20,7,20,20,,
1,CAIO MAKOTO MURAKAMI,ASSOC. NOVA ERA DE T.M.-SP,SUB-21 MAS,80,20,20,0,20,20,,
1,DANIELLI SILVA VIEIRA KIKUMOTO,CLUBE RECREATIVO SUMARÉ-SP,MASTER 40FEM,80,20,20,10,20,10,,
1,SARA APARECIDA PANSERI VICENTIN DOS SANTOS,SPING-PONG ACADEMIA DE ESPORTE E TREINAMENTOS - SP,MASTER 30FEM,80,0,20,20,20,20,,
1,SILNEI FERNANDO YUTA,ACEAS NIKKEI SUZANO - SP,MASTER 50MAS,80,20,20,0,20,20,,
2,CLARA YUKIE MIMURA DE  CASTILHO,MASTER PONG TT ACADEMIA-SP,SUB-19 FEM,78,20,14,20,14,10,,
1,YASMIM ANITA DE PAULA DA LUZ,SESI - SP,SUB-13 FEM,75,20,20,14,7,14,,
2,ANTÔNIO LORENZO NORBERTO SANTANA DE SOUZA,YARA CLUBE/ACADEMIA NELSON MACHADO/UNIMED/UNIMAR/SELJ-MARÍLIA-SP,SUB-11 MAS,74,10,20,14,10,20,,
1,KATHARINA LEAL GOTO,TOP SPIN BRASIL ACADEMY TENIS DE MESA LTDA-SP,ADULTO FEM,74,10,10,20,20,14,,
1,LUCAS AKIO TOCUDA YAMANE,ASSOCIAÇÃO CULTURAL NIPO BRASILEIRA DE SÃO CAETANO DO SUL/BUNKA-SP,SUB-17 MAS,74,20,20,7,20,7,,
1,PEDRO TERÊNCIO FERNANDES,ADECO/CENTRO OLÍMPICO/CEPEUSP-SP,SUB-13 MAS,74,20,14,10,10,20,,
1,REN CAUAN NOSAWA,ASSOCIAÇÃO CULTURAL NIPO BRASILEIRA DE SÃO CAETANO DO SUL/BUNKA-SP,SUB-19 MAS,74,20,20,20,0,14,,
1,LUIZA BELTRAME SANTOS,ASSOC.JAUENSE DE T.M./PREFEITURA DE JAÚ-SP,SUB-11 FEM,72,10,14,14,14,20,,
1,NEWTON  TAKAKI,PONG ZONE CENTRO DE TREINAMENTO DE TÊNIS DE MESA LTDA-SP,MASTER 60MAS,71,14,7,10,20,20,,
1,DIEGO DUARTE BARBOZA,SOCIEDADE ESPORTIVA PALMEIRAS-SP,ADULTO MAS,70,0,20,20,20,10,,
1,ANNA BEATRIZ DE ANGELI PUDO,ADECO/CENTRO OLÍMPICO/CEPEUSP-SP,SUB-17 FEM,69,14,14,7,14,20,,
1,LARISSA VITÓRIA SILVA DRAGO,SÃO JOSÉ FUTSAL E ESPORTES OLÍMPICOS-SP,SUB-21 FEM,69,7,14,20,14,14,,
2,MARIANA FRANCO SCHIEFER DOS SANTOS,SOCIEDADE ESPORTIVA PALMEIRAS-SP,MASTER 40FEM,69,7,14,14,14,20,,
2,EVERTON GONÇALVES VIANNA,MASTER PONG TT ACADEMIA-SP,MASTER 40MAS,68,10,20,14,10,14,,
2,MÔNICA YUMIKO MINE,SPING-PONG ACADEMIA DE ESPORTE E TREINAMENTOS,MASTER 30FEM,66,14,14,14,10,14,,
2,PAULO AUGUSTO MARTINEZ,ASSOCIAÇÃO ATLÉTICA SALTENSE-SP,MASTER 50MAS,65,14,7,20,10,14,,
1,CLARA FERNANDA DOS SANTOS,ESPORTE CLUBE PRAIA GRANDE - SP,SUB-15 FEM,64,0,14,20,20,10,,
2,CLEUSA NAOKO TOTAKE TAGUCHI,ITAIM KEIKO / JJYAMADA - SP,MASTER 60FEM,64,0,20,10,14,20,,
2,ELIANE MARIA KRUMENERL AVANSO,TEAM MANCINI -SP,MASTER 50FEM,64,20,10,10,14,10,,
2,GUILHERME ARAÚJO DE MATOS,M2TM CENTRO DE TREINAMENTO DE TÊNIS DE MESA-SP,SUB-19 MAS,64,0,10,14,20,20,,
1,LEONARDO SOUSA DE OLIVEIRA,ADECO/CENTRO OLÍMPICO/CEPEUSP-SP,SUB-15 MAS,64,0,10,20,20,14,,
2,LUCCA MAIA RAMALHO,INST. FAIR PLAY DE DESENVOLVIMENTO ESPORTIVO-SP,SUB-09 MAS,64,20,14,10,10,10,,
1,MATHEUS FLORIANO OLIVEIRA DE LOPES,M2TM CENTRO DE TREINAMENTO DE TÊNIS DE MESA-SP,MASTER 30MAS,64,7,20,10,20,7,,
1,SABRINA MIYABARA,ASSOCIAÇÃO CULTURAL NIPO BRASILEIRA DE SÃO CAETANO DO SUL/BUNKA-SP,ABSOLUTO A FEM,64,10,14,0,20,20,,
2,SAMARA TENÓRIO BEZERRA,AABB-SANTOS-SP,SUB-11 FEM,64,14,10,10,20,10,,
1,DAVI JORDÃO DE MAGALHÃES DORTA,PONG ZONE CENTRO DE TREINAMENTO DE TÊNIS DE MESA LTDA-SP,SUB-07 MAS,62,20,14,0,14,14,,
2,JESSICA SILVA PRATES,ACADEMIA DE TÊNIS DE MESA LIFE PONG - SP,ABSOLUTO A FEM,62,14,10,10,14,14,,
2,THEO RYUTA YAMADA,TEAM MANCINI -SP,SUB-13 MAS,62,7,7,14,20,14,,
2,DAVID EDUARDO JOHNSON PASTOR,ASSOCIAÇÃO ATLÉTICA SALTENSE-SP,MASTER 60MAS,61,0,20,20,7,14,,
2,ISAQUE CARVALHO,ESPORTE CLUBE PRAIA GRANDE - SP,SUB-07 MAS,60,0,20,0,20,20,,
3,MANUELA DE ASSIS RODRIGUES,TEAM MANCINI -SP,SUB-11 FEM,60,20,20,20,0,0,,
2,MARIA EDUARDA PAIVA DA SILVA,CR SALDANHA DA GAMA/SANTA CECÍLIA/FUPES - SP,SUB-21 FEM,60,20,20,0,20,0,,
2,MARIANA FUZINATO PINA MODESTO,YARA CLUBE/ACADEMIA NELSON MACHADO/UNIMED/UNIMAR/SELJ-MARÍLIA-SP,SUB-17 FEM,60,10,10,20,10,10,,
2,MARCELO DE SOUZA MARTIN,INST. FAIR PLAY DE DESENVOLVIMENTO ESPORTIVO-SP,SUB-15 MAS,58,3,7,14,14,20,,
2,REBECA FERNANDES DA CRUZ,ITAIM KEIKO / JJYAMADA - SP,SUB-13 FEM,58,14,14,20,3,7,,
3,THAISA ANGELI SANTINELI VILAR,ASSOCIAÇÃO ESPORTIVA RECREATIVA ATEME-SP,MASTER 40FEM,58,7,7,20,10,14,,
3,THOMAS JUN ENDO,ADECO/CENTRO OLÍMPICO/CEPEUSP-SP,SUB-09 MAS,57,10,10,20,7,10,,
2,MATHEUS DE ASSIS RODRIGUES,TEAM MANCINI -SP,SUB-17 MAS,55,14,14,20,7,0,,
3,VITOR HIROKI SILVA MOTIKAWA,ASSOCIAÇÃO CULTURAL NIPO BRASILEIRA DE SÃO CAETANO DO SUL/BUNKA-SP,SUB-19 MAS,55,7,14,10,14,10,,
2,AREADNE AQUEMI KOMATSU,POWER PONG TM/ASSOCIAÇÃO DOS MESATENISTAS DE CAMPINAS-SP,MASTER 70FEM,54,20,20,0,0,14,,
3,BIANCA REGINA CHIROSA HORIE,ITAIM KEIKO / JJYAMADA - SP,MASTER 50FEM,54,10,10,10,10,14,,
3,MARCELO APARECIDO PHAIFFER,POWER PONG TM/ASSOCIAÇÃO DOS MESATENISTAS DE CAMPINAS-SP,MASTER 50MAS,54,10,10,14,10,10,,
3,MARIA EDUARDA PIETRA OLIVEIRA FURNO,CR SALDANHA DA GAMA/SANTA CECÍLIA/FUPES - SP,SUB-17 FEM,54,20,7,0,20,7,,
3,VINÍCIUS JUN SUNAMI,ASSOCIAÇÃO CULTURAL NIPO BRASILEIRA DE SÃO CAETANO DO SUL/BUNKA-SP,SUB-13 MAS,54,7,10,20,7,10,,
2,CAYO  SEIICHI AIZAWA,TMSA - TÊNIS DE MESA SANTO ANDRÉ - SP,ADULTO MAS,52,10,7,14,7,14,,
2,MANUELLA TASSI BAZO,YARA CLUBE/ACADEMIA NELSON MACHADO/UNIMED/UNIMAR/SELJ-MARÍLIA-SP,SUB-09 FEM,52,14,10,14,14,0,,
2,MICHELE MARIO GESUALDI,ITAIM KEIKO / JJYAMADA - SP,MASTER 70MAS,52,14,10,0,14,14,,
3,THÉO MANRIQUE MIZER,INST. FAIR PLAY DE DESENVOLVIMENTO ESPORTIVO-SP,SUB-11 MAS,52,14,10,7,14,7,,
3,EDSON APARECIDO LEGUTH,CR SALDANHA DA GAMA/SANTA CECÍLIA/FUPES - SP,MASTER 70MAS,51,7,10,14,10,10,,
1,GABRIEL DE OLIVEIRA AMORIM CAVIQUIO,TMSA - TÊNIS DE MESA SANTO ANDRÉ - SP,ABSOLUTO A MAS,51,10,7,7,7,20,,
4,JOÃO LIMA MEDEIROS GONÇALVES,TEAM MANCINI -SP,SUB-13 MAS,51,14,20,7,7,3,,
3,MIGUEL ANTÔNIO DE OLIVEIRA ARANHA,TÊNIS DE MESA CASA VERDE-MI-SP,ADULTO MAS,51,10,7,10,14,10,,
1,VICTOR YUE,ESPORTE CLUBE PRAIA GRANDE - SP,ABSOLUTO A MAS,51,3,10,10,14,14,,
3,ALLAN VALMIR AGUILAR GUERRERO SARMENTO,MASTER PONG TT ACADEMIA-SP,ABSOLUTO A MAS,50,0,20,20,10,0,,
3,HELENA NASCIMENTO FERNANDES,ASSOCIAÇÃO CULTURAL NIPO BRASILEIRA DE SÃO CAETANO DO SUL/BUNKA-SP,SUB-13 FEM,50,10,10,10,10,10,,
2,DANIEL YUKIO UCHIMURA,TEAM MANCINI -SP,MASTER 30MAS,48,20,0,0,14,14,,
2,LAURA YUMI SASAKI,ASSOCIAÇÃO CULTURAL NIPO BRASILEIRA DE SÃO CAETANO DO SUL/BUNKA-SP,SUB-15 FEM,48,0,7,7,14,20,,
4,NEDER ALVES NEVES,MASTER PONG TT ACADEMIA-SP,MASTER 50MAS,48,0,14,10,14,10,,
3,TAMYRES TIEMI FUKASE,CR SALDANHA DA GAMA/SANTA CECÍLIA/FUPES - SP,ABSOLUTO A FEM,47,10,0,20,10,7,,
3,GABRIELA AIKO ASSUMPÇÃO IRIYAMA,ITAIM KEIKO / JJYAMADA - SP,SUB-15 FEM,45,14,7,3,7,14,,
4,HELOÍSA DA SILVA GRACIOLLA,ASSOC.JAUENSE DE T.M./PREFEITURA DE JAÚ-SP,SUB-11 FEM,44,7,7,10,10,10,,
3,HIDEYOSHI TANAKA,ASSOCIAÇÃO ATLÉTICA SALTENSE-SP,MASTER 60MAS,44,20,10,14,0,0,,
3,JANI AKIKO FUKUSEN CHEN,PONG ZONE CENTRO DE TREINAMENTO DE TÊNIS DE MESA LTDA-SP,MASTER 60FEM,44,14,10,0,10,10,,
4,JULIA BRABO SILVA,YARA CLUBE/ACADEMIA NELSON MACHADO/UNIMED/UNIMAR/SELJ-MARÍLIA-SP,SUB-11 FEM,44,10,10,7,10,7,,
4,ROSELI OKABAYASHI SASAKI,ASSOCIAÇÃO ESPORTIVA RECREATIVA ATEME-SP,MASTER 40FEM,44,7,7,10,10,10,,
3,PAULO EDUARDO RODRIGUES ARRUDA,POWER PONG TM/ASSOCIAÇÃO DOS MESATENISTAS DE CAMPINAS-SP,SUB-15 MAS,43,10,10,3,10,10,,
4,LETICIA SUEMI MIYANE,TMSA - TÊNIS DE MESA SANTO ANDRÉ - SP,SUB-13 FEM,42,7,7,7,14,7,,
5,CARLA MIDORI YOSHIDA ARA,ITAIM KEIKO / JJYAMADA - SP,MASTER 40FEM,41,10,10,7,7,7,,
4,JOÃO FILIPE SEABRA MARTINS,ADECO/CENTRO OLÍMPICO/CEPEUSP-SP,SUB-11 MAS,41,7,7,10,10,7,,
4,MARIA FERNANDA CHARANTOLA,YARA CLUBE/ACADEMIA NELSON MACHADO/UNIMED/UNIMAR/SELJ-MARÍLIA-SP,SUB-15 FEM,41,7,3,14,7,10,,
4,MARIO  GAKIYA,ITAIM KEIKO / JJYAMADA - SP,MASTER 70MAS,41,7,14,0,10,10,,
4,RAFAEL SUGUIMOTO RAMOS,ASSOCIAÇÃO CULTURAL NIPO BRASILEIRA DE SÃO CAETANO DO SUL/BUNKA-SP,SUB-11 MAS,41,10,0,10,7,14,,
3,RAONY NOGUEIRA SANTOS SIQUEIRA,ASSOCIACAO BETHEL DE BOTUCATU-SP,SUB-19 FEM,41,7,10,10,7,7,,
4,BEATRIZ KAORI CORREIA KANASHIRO,TMSA - TÊNIS DE MESA SANTO ANDRÉ - SP,ABSOLUTO A FEM,40,20,20,0,0,0,,
4,DANIELA OLIVEIRA LOPES,ASSOCIAÇÃO CULTURAL E DESPORTIVA DE ASSIS - SP,MASTER 50FEM,40,0,20,20,0,0,,
2,JÚLIA LAINA DE SOUSA,ASSOC. NOVA ERA DE T.M.-SP,ADULTO FEM,40,20,20,0,0,0,,
5,MANUELA DE ASSIS RODRIGUES,TEAM MANCINI -SP,SUB-13 FEM,40,0,0,0,20,20,,
3,MATHEUS ANDRIOLO TAMBELLINI,SOCIEDADE ESPORTIVA PALMEIRAS-SP,SUB-17 MAS,40,3,10,10,14,3,,
1,NELSON AZEVEDO CARDOSO,TEAM MANCINI -SP,MASTER 80MAS,40,0,0,0,20,20,,
6,ANA LETICIA BRETHERICK PEREIRA,SESI - SP,SUB-13 FEM,38,10,7,10,1,10,,
4,IGOR KOITI HIGA TENGAN,TMSA - TÊNIS DE MESA SANTO ANDRÉ - SP,SUB-15 MAS,38,20,3,7,1,7,,
2,JOÃO CEZAR BITTENCOURT MAYER,ACEAS NIKKEI SUZANO - SP,SUB-21 MAS,38,10,10,10,1,7,,
4,MATEUS LUIZ DEMARCHI,ASSOCIAÇÃO CULTURAL E ASSISTENCIAL MIE KENJIN DO BRASIL-SP,ADULTO MAS,38,7,7,10,7,7,,
4,PEDRO HENRIQUE POLITANO KOBAYASHI,TÊNIS DE MESA CASA VERDE-MI-SP,ADULTO MAS,38,7,14,0,10,7,,
5,RUBENS FRANCISCO DE CAMPOS JUNIOR,ASSOC. NOVA ERA DE T.M.-SP,MASTER 70MAS,38,7,7,10,7,7,,
4,ANAUÁ NOGUEIRA SANTOS SIQUEIRA,ASSOCIACAO BETHEL DE BOTUCATU-SP,SUB-19 FEM,37,3,10,10,7,7,,
3,FELIPE CAMARA NOGUCHI,TEAM MANCINI -SP,SUB-21 MAS,37,0,0,20,7,10,,
5,GABRIELA SAYURI SAITO,ASSOCIAÇÃO CULTURAL NIPO BRASILEIRA DE SÃO CAETANO DO SUL/BUNKA-SP,SUB-15 FEM,37,20,10,7,0,0,,
4,GUILHERME HENRIQUE DINIZ LIMA,ADECO/CENTRO OLÍMPICO/CEPEUSP-SP,SUB-19 MAS,37,10,7,10,7,3,,
3,GUSTAVO JEREMIAS DE MORAIS,ITAIM KEIKO / JJYAMADA - SP,MASTER 40MAS,37,3,10,0,14,10,,
4,KARINA YUKARI IDO SATO,ITAIM KEIKO / JJYAMADA - SP,SUB-17 FEM,37,3,7,14,3,10,,
6,LUCAS CARNIELLI CUNHA BUENO,POWER PONG TM/ASSOCIAÇÃO DOS MESATENISTAS DE CAMPINAS-SP,SUB-11 MAS,37,7,10,3,7,10,,
4,PEDRO GOUVEIA CAMPOS,ADECO/CENTRO OLÍMPICO/CEPEUSP-SP,SUB-19 MAS,37,7,7,3,10,10,,
4,ENZO BELUCO DE CAMARGO,ITAIM KEIKO / JJYAMADA - SP,SUB-17 MAS,36,10,3,3,10,10,,
3,JONAS TOSHIO RIBEIRO IZUMI,CLUBE DE TÊNIS DE MESA DE PINDAMONHANGABA - SP,MASTER 30MAS,36,10,3,0,3,20,,
5,ALÍCIA DUARTE ANDRADE,ESPORTE CLUBE PRAIA GRANDE - SP,SUB-17 FEM,35,7,7,7,7,7,,
5,BRENO TOSSATO VENTUROLI,TMSA - TÊNIS DE MESA SANTO ANDRÉ - SP,SUB-17 MAS,35,7,7,7,7,7,,
5,FÁBIO MIZUTANI,MASTER PONG TT ACADEMIA-SP,MASTER 50MAS,35,7,7,7,7,7,,
4,JOAQUIM JORDÃO DE MAGALHÃES DORTA,PONG ZONE CENTRO DE TREINAMENTO DE TÊNIS DE MESA LTDA-SP,SUB-09 MAS,35,7,7,7,7,7,,
6,JULIANA DA SILVA FERREIRA SANTOS,SESI - SP,SUB-15 FEM,35,7,1,10,10,7,,
5,SANDRA SAYAMA,ACADEMIA DE TÊNIS DE MESA LIFE PONG - SP,MASTER 50FEM,35,7,7,7,7,7,,
6,ADEMIR GUSMÃO FONSECA,ESPORTE CLUBE PRAIA GRANDE - SP,MASTER 70MAS,34,10,0,10,7,7,,
5,ÁLEX BARUC CLARINDO ORLANDI,ASSOCIAÇÃO CULTURAL NIPO BRASILEIRA DE SÃO CAETANO DO SUL/BUNKA-SP,SUB-15 MAS,34,7,7,10,0,10,,
3,BRENDA CAROLINA DA SILVA DEMÉTRIO,SÃO JOSÉ FUTSAL E ESPORTES OLÍMPICOS-SP,SUB-21 FEM,34,10,0,14,10,0,,
3,DAIANE OLIVEIRA SILVA,MASTER PONG TT ACADEMIA-SP,ADULTO FEM,34,0,0,0,14,20,,
7,GRAZIELA MAYUMI UENO,TMSA - TÊNIS DE MESA SANTO ANDRÉ - SP,SUB-15 FEM,34,0,7,10,10,7,,
3,KYRLA OLIVEIRA FOGAÇA,ACADEMIA DE TÊNIS DE MESA LIFE PONG - SP,MASTER 30FEM,34,10,0,0,14,10,,
3,MARIA TOMIKO HARADA,ACEMV / PREFEITURA DE VOTORANTIM / SEDESP-SP,MASTER 70FEM,34,10,10,0,14,0,,
5,MARINA  MICHELIN,CLUBE ITUANO DE ESPORTES-SP,ABSOLUTO A FEM,34,7,10,0,3,14,,
4,MONICA CRISTINA CAMARGO NEVES,YARA CLUBE/ACADEMIA NELSON MACHADO/UNIMED/UNIMAR/SELJ-MARÍLIA-SP,MASTER 60FEM,34,0,10,14,10,0,,
6,RAPHAEL KENZO TAKANO ITO,ASSOCIAÇÃO CULTURAL NIPO BRASILEIRA DE SÃO CAETANO DO SUL/BUNKA-SP,SUB-17 MAS,34,3,7,14,10,0,,
6,WILLIAM EDUARDO RESENDE BUSSOM,ESPORTE CLUBE PRAIA GRANDE - SP,SUB-17 MAS,34,7,3,7,3,14,,
6,ANA CLARA TURINI DE CARVALHO IMAI,TMSA - TÊNIS DE MESA SANTO ANDRÉ - SP,SUB-17 FEM,33,10,10,10,0,3,,
5,GUSTAVO LEITE VAZ,ASSOCIAÇÃO CULTURAL NIPO BRASILEIRA DE SÃO CAETANO DO SUL/BUNKA-SP,SUB-13 MAS,33,3,3,3,14,10,,
4,THIAGO YOSHIYUKI OTANARI,CLUBE RECREATIVO SUMARÉ-SP,MASTER 30MAS,33,10,10,3,3,7,,
6,DAVI LEITE LUIZ DE ARAUJO,ADECO/CENTRO OLÍMPICO/CEPEUSP-SP,SUB-13 MAS,32,10,7,7,7,1,,
5,ALLAN CARLOS BALTHAZAR DOS SANTOS,SPING-PONG ACADEMIA DE ESPORTE E TREINAMENTOS,MASTER 30MAS,31,7,7,0,7,10,,
6,ANGELA KIYOMI OSHIKAWA,TONANTEAMT.MESA-SP,MASTER 50FEM,31,7,7,7,10,0,,
4,ERIC LUIZ AQUINO CARDOSO,PLAY PONG / ADAC - CARAGUATATUBA-SP,SUB-21 MAS,31,14,3,0,7,7,,
4,GIOVANNI DIAS,TMSA - TÊNIS DE MESA SANTO ANDRÉ - SP,SUB-21 MAS,31,7,7,7,7,3,,
4,HEVERTON GUEDES DI BRAZ,ESPORTE CLUBE PRAIA GRANDE - SP,ABSOLUTO A MAS,31,7,7,0,7,10,,
8,ISAAC ELEUTERIO PEIXOTO SILVA,ESPORTE CLUBE PRAIA GRANDE - SP,SUB-17 MAS,31,7,10,7,7,0,,
7,LAVINIA MARQUES DE SOUZA,SESI - SP,SUB-13 FEM,31,7,7,3,7,7,,
5,LUCCA PONCE GAMA,ITAIM KEIKO / JJYAMADA - SP,SUB-09 MAS,31,0,0,14,10,7,,
5,LUIZ HENRIQUE DIAS,NOSSO CLUBE DE LIMEIRA-SP,MASTER 30MAS,31,0,14,7,10,0,,
4,MATEUS CANNIATTI PONCHIO,POWER PONG TM/ASSOCIAÇÃO DOS MESATENISTAS DE CAMPINAS-SP,MASTER 40MAS,31,7,7,7,0,10,,
6,MATHEUS YUJI KOJIMA KUGERT,TMSA - TÊNIS DE MESA SANTO ANDRÉ - SP,SUB-19 MAS,31,7,10,7,7,0,,
4,MILTON HIROSHI MORI,M2TM CENTRO DE TREINAMENTO DE TÊNIS DE MESA-SP,MASTER 60MAS,31,0,7,10,14,0,,
4,REBECA DE MELO DANIELLO,ASSOC. NOVA ERA DE T.M.-SP,ADULTO FEM,31,7,14,0,10,0,,
4,VICTOR ARAKI,TOP SPIN BRASIL ACADEMY TENIS DE MESA LTDA-SP,ABSOLUTO A MAS,31,7,7,3,7,7,,
6,VITOR LUCIANO RIBEIRO DE OLIVEIRA,ASSOCIAÇÃO ATLÉTICA SALTENSE-SP,ADULTO MAS,31,3,7,7,7,7,,
8,ANA JÚLIA SIMÕES CACERES,ADECO/CENTRO OLÍMPICO/CEPEUSP-SP,SUB-13 FEM,30,3,7,7,10,3,,
6,DANIEL SILVEIRA ROLDAN,NOSSO CLUBE DE LIMEIRA-SP,MASTER 50MAS,30,10,3,10,7,0,,
3,ISABELA DA LUCCA MATOS,ASSOCIAÇÃO OURINHENSE DE BEM ESTAR-SP,SUB-09 FEM,30,10,10,0,10,0,,
7,JONATHAN VIVANCO DIAS,ASSOCIAÇÃO CULTURAL E ASSISTENCIAL MIE KENJIN DO BRASIL-SP,ADULTO MAS,30,20,10,0,0,0,,
6,NATÁLIA MASSELA MUNHOZ,CLUBE ITUANO DE ESPORTES-SP,ABSOLUTO A FEM,30,7,0,10,10,3,,
5,NELSON TOSHIMITSU AZUMA,SPING-PONG ACADEMIA DE ESPORTE E TREINAMENTOS,MASTER 60MAS,30,7,3,0,10,10,,
7,RIVAIL ARAÚJO DE FIGUEIREDO NETO,TEAM MANCINI -SP,MASTER 30MAS,30,0,0,20,7,3,,
5,DANILLO ALEXANDER PEDRA,ASSOCIAÇÃO ATLÉTICA SALTENSE-SP,MASTER 40MAS,29,14,1,0,7,7,,
6,GUILHERME SPINELLI,SPING-PONG ACADEMIA DE ESPORTE E TREINAMENTOS,ABSOLUTO A MAS,29,3,3,10,3,10,,
6,ALEX KENJI TOYOTANI,TOP SPIN BRASIL ACADEMY TENIS DE MESA LTDA-SP,MASTER 40MAS,28,1,3,10,7,7,,
6,DAVID SALES DE SOUZA,CR SALDANHA DA GAMA/SANTA CECÍLIA/FUPES - SP,SUB-21 MAS,28,0,0,0,14,14,,
5,ESTEFANI DOS SANTOS TEODORO,ACEMV / PREFEITURA DE VOTORANTIM / SEDESP-SP,ADULTO FEM,28,14,7,0,7,0,,
8,FABIO SEIDI NAGANO,ASSOCIAÇÃO CULTURAL E ESPORTIVA REPRESA-LIGA-SP,MASTER 30MAS,28,7,7,0,7,7,,
6,FELIPE AUGUSTO BATISTA DE MATOS,SESI - SP,SUB-21 MAS,28,7,3,14,3,1,,
9,GABRIELLA TIEN,ADECO/CENTRO OLÍMPICO/CEPEUSP-SP,SUB-13 FEM,28,7,10,7,1,3,,
6,GUILHERME SIQUEIRA NUNES,CR SALDANHA DA GAMA/SANTA CECÍLIA/FUPES - SP,SUB-21 MAS,28,10,7,0,10,1,,
7,LUAN BRUNO PARRA BARBOSA,NEW PONG - SÃO JOSÉ DO RIO PRETO/SP - ACADEMIA DE TÊNIS DE MESA,ABSOLUTO A MAS,28,7,14,7,0,0,,
7,MAIARA AGNONE SENA ALVES,TEAM MANCINI -SP,ABSOLUTO A FEM,28,0,0,14,7,7,,
6,MÁRIO FRAZÃO CAMARGO,ITAIM KEIKO / JJYAMADA - SP,SUB-09 MAS,28,0,0,0,14,14,,
8,RODRIGO PROCIDÔNIO RUIZ,ITAIM KEIKO / JJYAMADA - SP,MASTER 30MAS,28,7,7,7,7,0,,
5,BEATRIZ MAYUMI HORITA,TOP SPIN BRASIL ACADEMY TENIS DE MESA LTDA-SP,SUB-19 FEM,27,0,0,7,10,10,,
7,CARLOS HENRIQUE FERREIRA,ACEMV / PREFEITURA DE VOTORANTIM / SEDESP-SP,MASTER 40MAS,27,7,7,0,10,3,,
7,FRANK SEIJI IWASHITA,ASSOCIAÇÃO ESPORTIVA RECREATIVA ATEME-SP,MASTER 50MAS,27,7,7,7,3,3,,
10,JOAO MARCELO MARGATO LARGUEZA,CLUBE ITUANO DE ESPORTES-SP,MASTER 30MAS,27,14,10,3,0,0,,
4,JULIA MENDES RETOZI DE MATOS,ASSOCIACAO BETHEL DE BOTUCATU-SP,SUB-21 FEM,27,7,10,10,0,0,,
7,LUCAS NAOKI OGUCHI,TMSA - TÊNIS DE MESA SANTO ANDRÉ - SP,SUB-19 MAS,27,14,3,0,10,0,,
7,MATEUS OLIVEIRA CAETANO SILVA,ITAIM KEIKO / JJYAMADA - SP,SUB-11 MAS,27,7,3,7,7,3,,
7,RENATO KEN YAZAKI IGUTI,ASSOCIAÇÃO CULTURAL NIPO BRASILEIRA DE SÃO CAETANO DO SUL/BUNKA-SP,SUB-11 MAS,27,3,7,7,3,7,,
7,SAMARA ALVES DA SILVA,ADECO/CENTRO OLÍMPICO/CEPEUSP-SP,SUB-17 FEM,27,7,7,7,3,3,,
6,VITOR KENZO THIOFILO,TEAM MANCINI -SP,SUB-15 MAS,27,0,20,7,0,0,,
7,BENJAMIN TAKATSU CHOI,TEAM MANCINI -SP,SUB-09 MAS,26,10,10,3,3,0,,
9,FELIPE KENZO ASSUNÇÃO SANTOS,ADECO/CENTRO OLÍMPICO/CEPEUSP-SP,SUB-17 MAS,26,0,0,3,3,20,,
6,ISABELA DE LIMA CANUTO,INST. FAIR PLAY DE DESENVOLVIMENTO ESPORTIVO-SP,SUB-11 FEM,26,3,3,3,3,14,,
7,LUIZ FELIPE DIAS MENDES,ADECO/CENTRO OLÍMPICO/CEPEUSP-SP,SUB-15 MAS,26,14,3,3,3,3,,
8,ARTHUR BUENO DIAS CALEFFI,TMSA - TÊNIS DE MESA SANTO ANDRÉ - SP,SUB-19 MAS,25,3,7,7,1,7,,
7,FELIPE RODRIGUES CATURELI,TT MAGNUS-SP,SUB-13 MAS,25,3,1,7,7,7,,
8,MATEUS CARNEIRO BOTELHO,TEAM MANCINI -SP,ABSOLUTO A MAS,25,3,1,14,0,7,,
8,SARAH ALCÂNTARA SPÍNOLA MARTINS,ESPORTE CLUBE PRAIA GRANDE - SP,ABSOLUTO A FEM,25,3,7,7,7,1,,
8,ANA CLARA MICELI ARENAS,TMSA - TÊNIS DE MESA SANTO ANDRÉ - SP,SUB-15 FEM,24,7,3,7,7,0,,
6,BIANCA ZANINI BALDI DE SOUZA,ESPORTE CLUBE PRAIA GRANDE - SP,SUB-19 FEM,24,7,7,0,10,0,,
5,DIRCE TAVARES DA SILVA MOREIRA,SESI - SP,MASTER 60FEM,24,0,7,0,7,10,,
6,EMILY NARUMI KOBAYASHI,ESPORTE CLUBE PRAIA GRANDE - SP,SUB-19 FEM,24,10,0,0,0,14,,
8,FELIPE ROLIM IANELLO,TMSA - TÊNIS DE MESA SANTO ANDRÉ - SP,SUB-15 MAS,24,3,1,10,3,7,,
7,GABRIELA DELL ARINGA DE ARAUJO,YARA CLUBE/ACADEMIA NELSON MACHADO/UNIMED/UNIMAR/SELJ-MARÍLIA-SP,SUB-11 FEM,24,3,7,7,7,0,,
8,JOÃO MIGUEL MATOS LIBERATORI,TMSA - TÊNIS DE MESA SANTO ANDRÉ - SP,SUB-15 MAS,24,10,3,3,7,1,,
8,LEONARDO DONAGGIO DI MICELI,TEAM MANCINI -SP,SUB-09 MAS,24,7,0,10,0,7,,
4,LIZZY SANCHES TOHYAMA,ASSOCIAÇÃO CULTURAL E DESPORTIVA DE ASSIS - SP,SUB-09 FEM,24,0,14,10,0,0,,
6,MARCO ANTÔNIO DE  ARAÚJO,ASSOCIAÇÃO ESPORTIVA RECREATIVA ATEME-SP,MASTER 60MAS,24,7,0,0,7,10,,
6,MAX AUGUSTO DOS SANTOS,CERÂMICA CLUBE - MOGI GUAÇU-SP,MASTER 60MAS,24,10,14,0,0,0,,
6,PATRICIA IKEDA SHIROTA UWAI,ACEMV / PREFEITURA DE VOTORANTIM / SEDESP-SP,MASTER 40FEM,24,10,7,0,7,0,,
8,PEDRO YUJI VISKI TOYOTANI,ADECO/CENTRO OLÍMPICO/CEPEUSP-SP,SUB-13 MAS,24,3,3,10,1,7,,
8,CARLOS ALBERTO BORDIN,ESPORTE CLUBE CASTELO - LIGA/SP,MASTER 40MAS,23,3,10,3,7,0,,
9,DANIEL CANTO GONÇALVES,MASTER PONG TT ACADEMIA-SP,SUB-19 MAS,23,3,3,3,7,7,,
9,DAVI FRANCISCHETTI DE LIMA,ASSOCIAÇÃO CULTURAL NIPO BRASILEIRA DE SÃO CAETANO DO SUL/BUNKA-SP,SUB-13 MAS,23,3,7,7,3,3,,
10,FELIPE GERMANO VIEIRA DE CASTRO,ADECO/CENTRO OLÍMPICO/CEPEUSP-SP,SUB-15 MAS,23,3,3,3,7,7,,
9,FERNANDA DOMINGOS BIANCHI,TMSA - TÊNIS DE MESA SANTO ANDRÉ - SP,SUB-15 FEM,23,3,7,7,3,3,,
9,ISADORA CASTILHO CARRIEL,ADECO/CENTRO OLÍMPICO/CEPEUSP-SP,SUB-15 FEM,23,3,10,0,3,7,,
9,JOÃO VITOR VIEGAS RIBEIRO,TEAM MANCINI -SP,SUB-13 MAS,23,10,10,3,0,0,,
8,MARCIO EIJI SASAKI,ASSOCIAÇÃO ESPORTIVA RECREATIVA ATEME-SP,MASTER 50MAS,23,7,3,3,3,7,,
9,NICOLAS SAKAUE NISHIMURA,ASSOCIAÇÃO CULTURAL NIPO BRASILEIRA DE SÃO CAETANO DO SUL/BUNKA-SP,ABSOLUTO A MAS,23,20,3,0,0,0,Etapa VI - x,Paulistão - Jacarei
9,TIAGO ONISHI CARDOSO,TOP SPIN BRASIL ACADEMY TENIS DE MESA LTDA-SP,SUB-19 MAS,23,7,3,3,7,3,,
9,TIAGO YERA NAKAJUM,YARA CLUBE/ACADEMIA NELSON MACHADO/UNIMED/UNIMAR/SELJ-MARÍLIA-SP,SUB-11 MAS,23,3,7,3,3,7,,
10,VITOR KENJI MOTIZUKI UIEDA,ASSOCIAÇÃO CULTURAL NIPO BRASILEIRA DE SÃO CAETANO DO SUL/BUNKA-SP,SUB-17 MAS,23,10,3,10,0,0,,
11,EDUARDO VIEIRA DOS SANTOS NEVES,UCEG-UNIÃO CULTURAL E ESPORTIVA GUARULHENSE-SP,SUB-15 MAS,22,7,7,0,7,1,,
11,NICOLLY COLARES FERNANDES,ADECO/CENTRO OLÍMPICO/CEPEUSP-SP,SUB-15 FEM,22,10,3,3,3,3,,
9,SERGIO LUIZ INCERPI,CR SALDANHA DA GAMA/SANTA CECÍLIA/FUPES - SP,MASTER 50MAS,22,0,1,7,7,7,,
11,EDUARDO ARAUJO DE DOMINICIS,ITAIM KEIKO / JJYAMADA - SP,SUB-17 MAS,21,1,7,3,3,7,,
10,FREDERICO AUGUSTO SHOITI MASSUDA,ACADEMIA DUNAMIS DE TÊNIS DE MESA-SP,MASTER 50MAS,21,1,7,7,3,3,,
8,GABRIELA SAYURI SAITO,ASSOCIAÇÃO CULTURAL NIPO BRASILEIRA DE SÃO CAETANO DO SUL/BUNKA-SP,SUB-17 FEM,21,0,0,0,7,14,,
8,JOÃO VICTOR MACIEL DA COSTA,ACEMV / PREFEITURA DE VOTORANTIM / SEDESP-SP,ADULTO MAS,21,3,10,0,7,1,,
9,ROBERTO BRAZ GARCIA ZANGALI,ITAIM KEIKO / JJYAMADA - SP,MASTER 40MAS,21,7,14,0,0,0,,
10,SIDDHARTA CHRISTIAN DIAS ALMEIDA,INST. FAIR PLAY DE DESENVOLVIMENTO ESPORTIVO-SP,ABSOLUTO A MAS,21,14,7,0,0,0,,
12,VITÓRIA APARECIDA DE SOUZA,SESI - SP,SUB-15 FEM,21,10,1,3,7,0,,
4,ALINE FERREIRA MENESES,CLUBE INCLUSIVO /INSTITUTO AJINOMOTO - SP,MASTER 30FEM,20,20,0,0,0,0,,
7,ALMO BRACCESI,TEAM MANCINI -SP,MASTER 70MAS,20,0,7,7,3,3,,
13,BEATRIZ TAKATSU CHOI,ASSOCIAÇÃO CULTURAL NIPO BRASILEIRA DE SÃO CAETANO DO SUL/BUNKA-SP,SUB-15 FEM,20,0,20,0,0,0,,
9,BEATRIZ TAKATSU CHOI,ASSOCIAÇÃO CULTURAL NIPO BRASILEIRA DE SÃO CAETANO DO SUL/BUNKA-SP,SUB-17 FEM,20,0,0,10,10,0,,
3,BERNARDO KAÊ KAKAZU,TEAM MANCINI -SP,SUB-07 MAS,20,0,0,0,10,10,,
6,CAMILA CARDOSO,NOSSO CLUBE DE LIMEIRA-SP,ADULTO FEM,20,10,10,0,0,0,,
9,ENRICO BARBOSA PICCIN,TONANTEAMT.MESA-SP,ADULTO MAS,20,0,0,0,0,20,,
11,FELIPE BARROS MESSIAS,ASSOCIAÇÃO OURINHENSE DE BEM ESTAR-SP,SUB-13 MAS,20,3,3,3,10,1,,
11,FELIPE YOSHIHIRO DE MELO OKANO,CLUBE DE CAMPO DE PIRACICABA-CCP-SP,ABSOLUTO A MAS,20,0,0,0,20,0,,
5,LAÍS MARIA APARECIDA DA SILVA,ASSOCIAÇÃO CULTURAL E ASSISTENCIAL MIE KENJIN DO BRASIL-SP,SUB-21 FEM,20,0,0,0,0,20,,
4,LARISSA TASSI LOBATO,MASTER PONG TT ACADEMIA-SP,MASTER 30FEM,20,0,0,10,10,0,,
9,MAIARA AGNONE SENA ALVES,TEAM MANCINI -SP,SUB-17 FEM,20,0,20,0,0,0,,
10,MARCEL AKIO SHIOMI,ITAIM KEIKO / JJYAMADA - SP,MASTER 40MAS,20,10,3,0,7,0,,
11,MIGUEL GUENSHIN ALBUQUERQUE MASSUDA,ACADEMIA DUNAMIS DE TÊNIS DE MESA-SP,SUB-19 MAS,20,10,7,0,3,0,,
9,RENAN XAVIER DE SOUZA,ASSOCIAÇÃO CULTURAL E ASSISTENCIAL MIE KENJIN DO BRASIL-SP,SUB-21 MAS,20,3,0,0,10,7,,
5,TAINÁ ORSI OLIVEIRA,CR SALDANHA DA GAMA/SANTA CECÍLIA/FUPES - SP,SUB-21 FEM,20,0,10,0,0,10,,
12,ENZO DE OLIVEIRA MIRANDA,ASSOC.JAUENSE DE T.M./PREFEITURA DE JAÚ-SP,SUB-17 MAS,19,3,3,3,0,10,,
12,FELIPE MOTOKI FRANCI,ITAIM KEIKO / JJYAMADA - SP,SUB-13 MAS,19,7,3,3,3,3,,
8,KAREN SATIE HIGA TENGAN,TMSA - TÊNIS DE MESA SANTO ANDRÉ - SP,SUB-11 FEM,19,3,3,3,7,3,,
12,LEONARDO AMAKU ISHIKAWA,YARA CLUBE/ACADEMIA NELSON MACHADO/UNIMED/UNIMAR/SELJ-MARÍLIA-SP,SUB-15 MAS,19,1,7,7,1,3,,
8,MARIA CLARA GINO CRUZ,ASSOC.JAUENSE DE T.M./PREFEITURA DE JAÚ-SP,SUB-11 FEM,19,3,3,3,7,3,,
12,RAFAEL VINICIUS VIEIRA FURUTANI DE OLIVEIRA,PONG ZONE CENTRO DE TREINAMENTO DE TÊNIS DE MESA LTDA-SP,SUB-19 MAS,19,3,3,3,3,7,,
13,ERIC DIAS PINO,PONG ZONE CENTRO DE TREINAMENTO DE TÊNIS DE MESA LTDA-SP,SUB-13 MAS,18,1,7,0,3,7,,
14,MARIA CLARA MORALES LIDUENHA,ASSOC.JAUENSE DE T.M./PREFEITURA DE JAÚ-SP,SUB-15 FEM,18,7,1,3,0,7,,
8,AMAURI VIRGILIO,ASSOCIAÇÃO ATLÉTICA PONTE PRETA COUNTRY CLUB-SP,MASTER 60MAS,17,10,0,0,7,0,,
11,CAIQUE DUTRA,ITAIM KEIKO / JJYAMADA - SP,MASTER 30MAS,17,1,7,3,3,3,,
8,CHARLEY KENJI SUZUKI,MASTER PONG TT ACADEMIA-SP,MASTER 60MAS,17,0,0,0,10,7,,
11,CID FURUYAMA,ITAIM KEIKO / JJYAMADA - SP,MASTER 50MAS,17,7,10,0,0,0,,
10,DANIEL DOMINGUES SANTOS,ADECO/CENTRO OLÍMPICO/CEPEUSP-SP,ADULTO MAS,17,14,3,0,0,0,,
11,DANIEL YUKIO UCHIMURA,TEAM MANCINI -SP,MASTER 40MAS,17,0,7,10,0,0,,
9,EDIANE PELLIZZARO BRESCIANI,CLUBE ITUANO DE ESPORTES-SP,ABSOLUTO A FEM,17,7,3,7,0,0,,
9,GABRIELLA MARIA DINIZ MOURA ZAGO,SESI - SP,ABSOLUTO A FEM,17,3,7,3,3,1,,
7,HALANA DUARTE DOS SANTOS,ASSOCIAÇÃO CULTURAL E ASSISTENCIAL MIE KENJIN DO BRASIL-SP,ADULTO FEM,17,0,0,0,10,7,,
9,HEITOR YUTO KIMURA SOARES,ACENBO OSASCO - LIGA-SP,SUB-09 MAS,17,7,7,0,3,0,,
6,JACKELINE FERNANDES,SOCIEDADE ESPORTIVA PALMEIRAS-SP,MASTER 30FEM,17,0,0,10,7,0,,
7,KARINA BEZERRA  BECKER ALOISE MOURA,ESPORTE CLUBE PRAIA GRANDE - SP,ADULTO FEM,17,7,0,0,0,10,,
7,KELLY TIEMI NAGAOKA,ITAIM KEIKO / JJYAMADA - SP,MASTER 40FEM,17,7,10,0,0,0,,
10,LEONARDO HENRIQUES FIORI DA COSTA,TÊNIS DE MESA CASA VERDE-MI-SP,SUB-21 MAS,17,3,7,0,7,0,,
11,MARCELO DE SOTTI SABBO SANCHES,YARA CLUBE/ACADEMIA NELSON MACHADO/UNIMED/UNIMAR/SELJ-MARÍLIA-SP,MASTER 30MAS,17,3,0,14,0,0,,
7,RENATA MARIA TAPXURE HOSHIRO,TÊNIS DE MESA CASA VERDE-MI-SP,MASTER 50FEM,17,10,7,0,0,0,,
13,WALLACE RYU WAKASUGUI HIGA,ASSOCIAÇÃO CULTURAL NIPO BRASILEIRA DE SÃO CAETANO DO SUL/BUNKA-SP,SUB-15 MAS,17,7,3,3,1,3,,
10,YANI REZENDE DE FARIA,SESI - SP,SUB-13 FEM,17,7,3,3,1,3,,
14,ARTHUR RYUICHI MOREIRA FUKUDA,ASSOCIAÇÃO CULTURAL NIPO BRASILEIRA DE SÃO CAETANO DO SUL/BUNKA-SP,SUB-15 MAS,16,1,1,1,10,3,,
11,CLARA LAURENTINI ALMEIDA REIS,TMSA - TÊNIS DE MESA SANTO ANDRÉ - SP,SUB-17 FEM,16,3,0,7,3,3,,
10,ENZO GONÇALVES FARIA DE MIRANDA,PONG ZONE CENTRO DE TREINAMENTO DE TÊNIS DE MESA LTDA-SP,SUB-11 MAS,16,3,3,0,7,3,,
12,FABIO P NAVARRO,YARA CLUBE/ACADEMIA NELSON MACHADO/UNIMED/UNIMAR/SELJ-MARÍLIA-SP,MASTER 40MAS,16,3,3,7,3,0,,
12,FLAVIO MITSUO MATUGUMA,ITAIM KEIKO / JJYAMADA - SP,MASTER 50MAS,16,3,3,0,7,3,,
13,JOÃO HÉLIO GOMES DE SOUZA,TOP SPIN BRASIL ACADEMY TENIS DE MESA LTDA-SP,SUB-19 MAS,16,3,0,3,3,7,,
12,LEANDRO SANCHES FERREIRA,ADECO/CENTRO OLÍMPICO/CEPEUSP-SP,ABSOLUTO A MAS,16,0,10,3,3,0,,
13,PEDRO AUGUSTO VIEIRA RAMOS,TEAM MANCINI -SP,SUB-17 MAS,16,3,7,3,3,0,,
8,THAIS PALMA VILHENA,ACADEMIA DE TÊNIS DE MESA LIFE PONG - SP,MASTER 40FEM,16,3,3,0,3,7,,
14,DAVID DOS REIS TOMAZ,TMSA - TÊNIS DE MESA SANTO ANDRÉ - SP,SUB-17 MAS,15,3,3,3,3,3,,
11,ENZO DE LUCA LOPES BARANI,TMSA - TÊNIS DE MESA SANTO ANDRÉ - SP,SUB-21 MAS,15,3,1,7,1,3,,
15,HELOÍSA ROMIO DA SILVA,ADECO/CENTRO OLÍMPICO/CEPEUSP-SP,SUB-15 FEM,15,3,3,3,3,3,,
11,HENRY RYUICHI ENDO,ADECO/CENTRO OLÍMPICO/CEPEUSP-SP,SUB-11 MAS,15,3,7,3,1,1,,
11,MATHEUS ERICSSON DE BRITO,TEAM MANCINI -SP,SUB-11 MAS,15,3,3,3,3,3,,
9,ANA CLAUDIA CRESSONI DE CONTI,NEW PONG - SÃO JOSÉ DO RIO PRETO/SP - ACADEMIA DE TÊNIS DE MESA,ADULTO FEM,14,0,0,14,0,0,,
9,CAROLINA TERUMI HOSHIRO,TÊNIS DE MESA CASA VERDE-MI-SP,ADULTO FEM,14,7,0,0,0,7,,
11,CAROLINE MESSIAS LOUREIRO,YARA CLUBE/ACADEMIA NELSON MACHADO/UNIMED/UNIMAR/SELJ-MARÍLIA-SP,SUB-13 FEM,14,3,1,3,7,0,,
8,CRISTINA ERIKO MATSUO MATSUKAWA,ACEMV / PREFEITURA DE VOTORANTIM / SEDESP-SP,MASTER 50FEM,14,7,7,0,0,0,,
15,FELIPE KENZO ASSUNÇÃO SANTOS,ADECO/CENTRO OLÍMPICO/CEPEUSP-SP,SUB-15 MAS,14,0,14,0,0,0,,
10,FERNANDO  ROMIO,ITAIM KEIKO / JJYAMADA - SP,MASTER 60MAS,14,7,7,0,0,0,,
13,HEITOR HIROSHI CHAYA,CLUBE RECREATIVO SUMARÉ-SP,MASTER 40MAS,14,3,1,0,3,7,,
8,LUARA OLIVEIRA BATISTA,SESI - SP,SUB-19 FEM,14,0,0,0,7,7,,
10,MANUELA LIMA,SOCIEDADE ESPORTIVA PALMEIRAS-SP,SUB-11 FEM,14,7,0,0,7,0,,
7,NICOLE DE JESUS SANTOS,ESPORTE CLUBE PRAIA GRANDE - SP,SUB-21 FEM,14,14,0,0,0,0,,
5,NINA WANG,ITAIM KEIKO / JJYAMADA - SP,SUB-09 FEM,14,0,0,0,0,14,,
15,PEDRO HENRIQUE KROB,TOP SPIN BRASIL ACADEMY TENIS DE MESA LTDA-SP,SUB-17 MAS,14,1,0,3,7,3,,
9,RAYANE CARLA DURÃES CARLINI,ASSOCIAÇÃO ATLÉTICA SALTENSE-SP,ADULTO FEM,14,7,7,0,0,0,,
12,ROGÉRIO RONCATTO CARVALHO,CLUBE DE CAMPO DE PIRACICABA-CCP-SP,SUB-21 MAS,14,0,14,0,0,0,,
9,SARA APARECIDA PANSERI VICENTIN DOS SANTOS,SPING-PONG ACADEMIA DE ESPORTE E TREINAMENTOS,MASTER 40FEM,14,14,0,0,0,0,,
14,VITOR KENZO MOURA KONDO,TMSA - TÊNIS DE MESA SANTO ANDRÉ - SP,SUB-19 MAS,14,3,1,7,3,0,,
7,YASMIN DE FÁTIMA MORGADO DE JESUS,SÃO JOSÉ FUTSAL E ESPORTES OLÍMPICOS-SP,SUB-21 FEM,14,7,7,0,0,0,,
14,ANDERSON MACHIDA NAGANO,TOP SPIN BRASIL ACADEMY TENIS DE MESA LTDA-SP,MASTER 40MAS,13,7,3,0,0,3,,
13,CAIO  LOPES DA SILVA,TMSA - TÊNIS DE MESA SANTO ANDRÉ - SP,ABSOLUTO A MAS,13,0,3,0,10,0,,
10,CRISTINA ERIKA HARADA SANBONMATSU,ACEMV / PREFEITURA DE VOTORANTIM / SEDESP-SP,MASTER 40FEM,13,3,7,0,3,0,,
15,ENZO TOMITA,ITAIM KEIKO / JJYAMADA - SP,SUB-19 MAS,13,3,1,3,3,3,,
16,GABRIEL CALIMAN RUIZ,TMSA - TÊNIS DE MESA SANTO ANDRÉ - SP,SUB-17 MAS,13,3,1,3,3,3,,
11,GILBERTO MASSANOBU AUYAGUI,CLUBE RECREATIVO SUMARÉ-SP,MASTER 60MAS,13,7,3,0,3,0,,
13,GUILHERME DE MAGALHÃES DEBONI,ASSOCIAÇÃO ESPORTIVA RECREATIVA ATEME-SP,MASTER 30MAS,13,1,1,3,1,7,,
13,GUILHERME JUN HOJO,ITAIM KEIKO / JJYAMADA - SP,SUB-11 MAS,13,3,3,3,1,3,,
16,GUILHERME YUICHI NAGASAKI,ADECO/CENTRO OLÍMPICO/CEPEUSP-SP,SUB-17 MAS,13,1,1,3,1,7,,
13,GUSTAVO MINAMI USHISIMA,TOP SPIN BRASIL ACADEMY TENIS DE MESA LTDA-SP,ABSOLUTO A MAS,13,10,3,0,0,0,,
16,HENRIQUE GRASSI OSAKA,TMSA - TÊNIS DE MESA SANTO ANDRÉ - SP,SUB-15 MAS,13,3,3,1,3,3,,
16,HENRY SHIGUIO,ASSOCIAÇÃO CULTURAL NIPO BRASILEIRA DE SÃO CAETANO DO SUL/BUNKA-SP,SUB-15 MAS,13,3,1,3,3,3,,
12,LARA ARRUDA ESPINDOLA,SESI - SP,SUB-13 FEM,13,3,1,3,3,3,,
12,LETICYA RODRIGUES BIANO,TEAM MANCINI -SP,ADULTO FEM,13,0,0,0,3,10,,
13,MARCOS ANTÔNIO DE LIMA JUNIOR,CLUBE RECREATIVO SUMARÉ-SP,MASTER 30MAS,13,3,0,0,10,0,,
13,MICHEL BUCHATSKY KRUGLENSKY,ASSOCIAÇÃO BRASILEIRA A HEBRAICA DE SÃO PAULO-SP,SUB-11 MAS,13,3,3,3,1,3,,
8,OTHON MERCADANTE BECKER,MASTER PONG TT ACADEMIA-SP,MASTER 70MAS,13,7,0,0,3,3,,
16,RODRIGO MACHADO SORRATINI,POWER PONG TM/ASSOCIAÇÃO DOS MESATENISTAS DE CAMPINAS-SP,SUB-17 MAS,13,1,3,3,3,3,,
16,VICTORIA CAROPRESO PASSARELLA,SOCIEDADE ESPORTIVA PALMEIRAS-SP,SUB-15 FEM,13,3,1,3,3,3,,
13,VITOR BIBIANO COELHO DOS SANTOS,CR SALDANHA DA GAMA/SANTA CECÍLIA/FUPES - SP,ABSOLUTO A MAS,13,3,3,7,0,0,,
11,WILSON ALVES DA SILVA,ASSOCIAÇÃO ESPORTIVA RECREATIVA ATEME-SP,MASTER 60MAS,13,0,3,0,3,7,,
16,YASMIM LIMA DIAZ,LAR TABLE TENNIS-SP,SUB-15 FEM,13,3,1,3,3,3,,
11,ARTHUR NOGUEIRA SALHEB,TEAM MANCINI -SP,ADULTO MAS,12,3,1,7,0,1,,
11,LAIS MIKA YUTA,ACEAS NIKKEI SUZANO - SP,ABSOLUTO A FEM,12,7,3,0,1,1,,
14,MARCELO GONÇALVES MOURA CESAR DO NASCIMENTO,INST. FAIR PLAY DE DESENVOLVIMENTO ESPORTIVO-SP,SUB-13 MAS,12,7,1,0,3,1,,
15,MAURICIO MAKOTO NARITA,ACADEMIA DUNAMIS DE TÊNIS DE MESA-SP,MASTER 30MAS,12,3,3,0,3,3,,
14,MIGUEL YOSHIO KATAYAMA IZUMI,CLUBE DE TÊNIS DE MESA DE PINDAMONHANGABA - SP,SUB-13 MAS,12,1,3,0,1,7,,
18,BRUNO NAOKI ISHIOKA,ADECO/CENTRO OLÍMPICO/CEPEUSP-SP,SUB-15 MAS,11,1,1,7,1,1,,
16,BRUNO RYU MATSUMOTO NAKAMURA,ITAIM KEIKO / JJYAMADA - SP,SUB-13 MAS,11,1,3,3,1,3,,
16,DAVI SOUZA DE ALMEIDA,SESI - SP,SUB-13 MAS,11,3,1,3,1,3,,
16,HENRIQUE EDUARDO FERREIRA DE SOUZA,YARA CLUBE/ACADEMIA NELSON MACHADO/UNIMED/UNIMAR/SELJ-MARÍLIA-SP,MASTER 30MAS,11,3,1,7,0,0,,
16,JOÃO PEDRO RIBEIRO MIRA,ESPORTE CLUBE PRAIA GRANDE - SP,ABSOLUTO A MAS,11,3,1,7,0,0,,
18,KAUAN OLIVEIRA DA SILVA,TIME JUNDIAÍ - SP,SUB-15 MAS,11,1,0,0,3,7,,
19,KENON DIAZ NAKASHIMA,ITAIM KEIKO / JJYAMADA - SP,SUB-17 MAS,11,1,1,3,3,3,,
12,LENNON BROWN NAOTO IE UEHARA,CLUBE ITUANO DE ESPORTES-SP,ADULTO MAS,11,0,0,0,10,1,,
16,LUCAS COLNAGHI SAKAUE,TEAM MANCINI -SP,SUB-13 MAS,11,3,1,3,3,1,,
18,MATHEUS.LAZARETE RAMOS,TMSA - TÊNIS DE MESA SANTO ANDRÉ - SP,SUB-15 MAS,11,7,1,1,1,1,,
16,NICOLAS REIS PIEDADE,TMSA - TÊNIS DE MESA SANTO ANDRÉ - SP,SUB-19 MAS,11,1,3,3,1,3,,
16,VALTER CLEBERSON MUKAIBATA,CLUBE ITUANO DE ESPORTES-SP,MASTER 30MAS,11,0,0,0,1,10,,
18,YAN REZENDE DE FARIA,SESI - SP,SUB-15 MAS,11,1,3,1,3,3,,
13,ADEMIR FERREIRA DE SOUZA,YARA CLUBE/ACADEMIA NELSON MACHADO/UNIMED/UNIMAR/SELJ-MARÍLIA-SP,MASTER 60MAS,10,0,3,7,0,0,,
15,ALEXANDRE BORNIOTTI JACON,JAU PONG TÊNIS DE MESA LTDA-SP,SUB-11 MAS,10,3,1,3,0,3,,
7,ANDRÉIA OUE BLAZ,INST. FAIR PLAY DE DESENVOLVIMENTO ESPORTIVO-SP,MASTER 30FEM,10,0,10,0,0,0,,
9,ANI BARBARA MURAKAMI TADIMA,ASSOCIAÇÃO CULTURAL NIPO BRASILEIRA DE SÃO CAETANO DO SUL/BUNKA-SP,SUB-19 FEM,10,10,0,0,0,0,,
13,BEATRIZ RIBEIRO AZEVEDO,SOCIEDADE ESPORTIVA PALMEIRAS-SP,SUB-13 FEM,10,3,3,3,1,0,,
15,CAIO RAMOS NANDI,JAU PONG TÊNIS DE MESA LTDA-SP,SUB-11 MAS,10,3,0,7,0,0,,
13,CARLOS JOSE ZILVETI,ACADEMIA DE TÊNIS DE MESA LIFE PONG - SP,MASTER 60MAS,10,0,0,0,3,7,,
13,CARLOS TAKEO AKAMINE,ITAIM KEIKO / JJYAMADA - SP,MASTER 60MAS,10,0,0,0,3,7,,
9,CAROLINE COELHO SANTOS,NOSSO CLUBE DE LIMEIRA-SP,SUB-21 FEM,10,10,0,0,0,0,,
9,CLARA YUMI MATSUI SHINZATO,TOP SPIN BRASIL ACADEMY TENIS DE MESA LTDA-SP,SUB-19 FEM,10,3,7,0,0,0,,
17,CLAUDIO MASSAD,SESI - SP,ABSOLUTO A MAS,10,3,0,0,0,7,,
12,DANIELLE RAUEN,SESI - SP,ABSOLUTO A FEM,10,0,0,0,0,10,,
7,DÉBORAH DE FATIMA BATISTA DOS SANTOS,UCEG-UNIÃO CULTURAL E ESPORTIVA GUARULHENSE-SP,MASTER 30FEM,10,10,0,0,0,0,,
13,DOUGLAS MONTEIRO,ASSOCIAÇÃO ATLÉTICA SALTENSE-SP,MASTER 60MAS,10,3,7,0,0,0,,
12,EMILY NARUMI KOBAYASHI,ADECO/CENTRO OLÍMPICO/CEPEUSP-SP,ABSOLUTO A FEM,10,0,3,0,7,0,,
15,FABIAN NODA GOMES RIBEIRO,ITAIM KEIKO / JJYAMADA - SP,MASTER 40MAS,10,3,1,3,0,3,,
11,FERNANDA MARA DOS SANTOS,SPING-PONG ACADEMIA DE ESPORTE E TREINAMENTOS,MASTER 40FEM,10,3,0,0,0,7,,
18,FERNANDO HENRIQUE CARVALHO,ESPORTE CLUBE CASTELO - LIGA/SP,MASTER 30MAS,10,3,1,3,3,0,,
12,GIOVANNA CÂNDIDO FARIA,CR SALDANHA DA GAMA/SANTA CECÍLIA/FUPES - SP,ABSOLUTO A FEM,10,3,0,0,0,7,,
15,GUSTAVO CHABREGAS DE ANDRADE,ASSOCIAÇÃO DESPORTIVA E CULTURAL ARTE DA LUTA - SP,SUB-11 MAS,10,7,3,0,0,0,,
9,ISABEL CRISTINA LEAL,ESPORTE CLUBE CASTELO - LIGA/SP,MASTER 50FEM,10,0,0,0,0,10,,
7,JULIA REGINA VON AH,POWER PONG TM/ASSOCIAÇÃO DOS MESATENISTAS DE CAMPINAS-SP,MASTER 30FEM,10,0,10,0,0,0,,
11,KARINA RIBEIRO,ACADEMIA DE TÊNIS DE MESA LIFE PONG - SP,MASTER 40FEM,10,0,0,0,3,7,,
13,KAROLEN SANTANA ROSSI,NEW PONG - SÃO JOSÉ DO RIO PRETO/SP - ACADEMIA DE TÊNIS DE MESA,ADULTO FEM,10,0,0,10,0,0,,
15,LEANDRO DE ANDRADE TAJERO,ASSOCIAÇÃO CULTURAL E DESPORTIVA DE ASSIS - SP,MASTER 40MAS,10,0,3,7,0,0,,
13,LORRAN ADIEL H.   SILVA,TÊNIS DE MESA CASA VERDE-MI-SP,ADULTO MAS,10,7,3,0,0,0,,
20,LUCAS DOMICIANO VIANNA,MASTER PONG TT ACADEMIA-SP,SUB-17 MAS,10,7,1,0,1,1,,
15,MURILO RUIZ CANOSA,TEAM MANCINI -SP,SUB-11 MAS,10,0,1,3,3,3,,
18,MURILO STRANO CALTABIANO,ACADEMIA DE TÊNIS DE MESA LIFE PONG - SP,MASTER 30MAS,10,3,3,0,1,3,,
9,NELSON AZEVEDO CARDOSO,TEAM MANCINI -SP,MASTER 70MAS,10,10,0,0,0,0,,
22,PLÍNIO GUINOSA AOKI,ITAIM KEIKO / JJYAMADA - SP,SUB-15 MAS,10,0,1,1,7,1,,
13,RAFAEL TAKAHASHI NAGAMINE,TOP SPIN BRASIL ACADEMY TENIS DE MESA LTDA-SP,SUB-21 MAS,10,0,10,0,0,0,,
13,RAUHÃ SEGANTINE DA GRAÇA,MIRASSOL TENIS DE MESA - SP,SUB-21 MAS,10,0,0,10,0,0,,
6,TISUKO IAMAGUTI,MASTER PONG TT ACADEMIA-SP,MASTER 60FEM,10,0,0,0,3,7,,
6,TOYOMI ADACHI,ASSOC. NOVA ERA DE T.M.-SP,MASTER 60FEM,10,10,0,0,0,0,,
19,VICTOR HO YOUNG LEE,TMSA - TÊNIS DE MESA SANTO ANDRÉ - SP,SUB-13 MAS,10,3,1,3,3,0,,
18,VICTOR TAKAHASHI,NEW PONG - SÃO JOSÉ DO RIO PRETO/SP - ACADEMIA DE TÊNIS DE MESA,MASTER 30MAS,10,0,0,10,0,0,,
13,VITOR KENZO MOURA KONDO,TMSA - TÊNIS DE MESA SANTO ANDRÉ - SP,SUB-21 MAS,10,0,0,0,0,10,,
18,WEMERSON MARCOS SILVA SANTOS,ASSOCIAÇÃO RCTM - SP,MASTER 30MAS,10,3,3,3,1,0,,
13,YOSHIMITSU CLÁUDIO CHIBA,ITAIM KEIKO / JJYAMADA - SP,MASTER 50MAS,10,3,3,0,1,3,,
17,BRENO DAIKI DONON,TÊNIS DE MESA CASA VERDE-MI-SP,SUB-19 MAS,9,3,3,0,3,0,,
21,EDUARDO RIBEIRO AZEVEDO,SOCIEDADE ESPORTIVA PALMEIRAS-SP,SUB-17 MAS,9,1,1,3,1,3,,
18,FILIPI WENDELL FERREIRA SEVERIANO,ESPORTE CLUBE PRAIA GRANDE - SP,ABSOLUTO A MAS,9,3,3,3,0,0,,
20,GUILHERME MEIRA FORDELONE,TEAM MANCINI -SP,SUB-13 MAS,9,1,1,3,3,1,,
14,MANUEL NUNES BAPTISTA,ACADEMIA DE TÊNIS DE MESA LIFE PONG - SP,MASTER 50MAS,9,3,0,0,3,3,,
12,MARIANA FURTADO ORMELI GOMES,SOCIEDADE ESPORTIVA PALMEIRAS-SP,SUB-17 FEM,9,3,0,0,3,3,,
23,PEDRO HENRIQUE OLIVEIRA DE MORAES,PONG ZONE CENTRO DE TREINAMENTO DE TÊNIS DE MESA LTDA-SP,SUB-15 MAS,9,3,1,3,1,1,,
20,PEDRO MORI DINIZ FERNANDES,ITAIM KEIKO / JJYAMADA - SP,SUB-13 MAS,9,1,1,3,1,3,,
16,RAFAEL BARBOSA DE GOUVEIA,UCEG-UNIÃO CULTURAL E ESPORTIVA GUARULHENSE-SP,SUB-21 MAS,9,7,0,0,1,1,,
19,HEINZ BENDEZU,ACADEMIA DUNAMIS DE TÊNIS DE MESA-SP,ABSOLUTO A MAS,8,3,1,0,3,1,,
15,JÚLIA LAINA DE SOUSA,MASTER PONG TT ACADEMIA-SP,ABSOLUTO A FEM,8,0,0,0,7,1,,
14,LAURA DE OLIVEIRA COLOMBO,YARA CLUBE/ACADEMIA NELSON MACHADO/UNIMED/UNIMAR/SELJ-MARÍLIA-SP,SUB-13 FEM,8,3,1,3,1,0,,
24,LÉO MAGNANI ARANHA RIBEIRO,ITAIM KEIKO / JJYAMADA - SP,SUB-15 MAS,8,3,3,0,1,1,,
18,LUCAS FONSECA SEGREGIO,TMSA - TÊNIS DE MESA SANTO ANDRÉ - SP,SUB-19 MAS,8,0,1,3,1,3,,
22,LUCAS TIDEI OLIVEIRA,ASSOC.JAUENSE DE T.M./PREFEITURA DE JAÚ-SP,SUB-17 MAS,8,1,3,3,0,1,,
15,LUÍS CLÁUDIO RODRIGUES MARROCHI,SOCIEDADE ESPORTIVA PALMEIRAS-SP,MASTER 50MAS,8,1,3,0,3,1,,
14,MANUELA ARIGONI,TMSA - TÊNIS DE MESA SANTO ANDRÉ - SP,SUB-13 FEM,8,0,0,0,1,7,,
22,PAULO SÉRGIO SALMIN FILHO,SESI - SP,MASTER 30MAS,8,0,0,7,0,1,,
17,PEDRO FERNANDES SACRAMENTO MENTE,ESPORTE CLUBE PRAIA GRANDE - SP,SUB-21 MAS,8,7,1,0,0,0,,
14,PEDRO HENRIQUE DE OLIVEIRA PEREIRA,SPING-PONG ACADEMIA DE ESPORTE E TREINAMENTOS,ADULTO MAS,8,3,3,0,1,1,,
22,PEDRO PENIDO FERREIRA,SPING-PONG ACADEMIA DE ESPORTE E TREINAMENTOS,MASTER 30MAS,8,3,1,3,1,0,,
24,RAFAEL GOMES BORELLI,ITAIM KEIKO / JJYAMADA - SP,SUB-15 MAS,8,3,1,0,1,3,,
19,RAFAEL SOUZA SENTEIO,ASSOC.JAUENSE DE T.M./PREFEITURA DE JAÚ-SP,SUB-11 MAS,8,3,1,3,0,1,,
19,ROGERIO CAPOBIANCO,MASTER PONG TT ACADEMIA-SP,ABSOLUTO A MAS,8,3,1,3,0,1,,
24,ALBERTO DOS SANTOS TAVARES FILHO,TT MAGNUS-SP,MASTER 30MAS,7,3,0,3,1,0,,
10,ANGELA CRISTINA DE OLIVEIRA MARQUES,YARA CLUBE/ACADEMIA NELSON MACHADO/UNIMED/UNIMAR/SELJ-MARÍLIA-SP,MASTER 30FEM,7,0,0,7,0,0,,
26,ARTUR VENELLI DURÃES,ITAIM KEIKO / JJYAMADA - SP,SUB-15 MAS,7,1,1,1,3,1,,
19,CAIO  LOPES DA SILVA,TMSA - TÊNIS DE MESA SANTO ANDRÉ - SP,SUB-19 MAS,7,0,0,7,0,0,,
17,CARLOS ALBERTO TORRES FERRAZ,MASTER PONG TT ACADEMIA-SP,MASTER 40MAS,7,0,3,3,1,0,,
22,DAN FUKUNARI,ITAIM KEIKO / JJYAMADA - SP,SUB-13 MAS,7,0,1,3,0,3,,
17,DURVAL SOARES COSTA DA SILVA,CLUBE DE TÊNIS DE MESA ALVES TT/CAIEIRAS - SP,MASTER 60MAS,7,0,0,0,7,0,,
16,EDISON FERNANDO MUSSI,TIME JUNDIAÍ - SP,MASTER 50MAS,7,3,1,0,3,0,,
17,ERONILDES NICOLAU MATIAS JÚNIOR,ACADEMIA DE TÊNIS DE MESA LIFE PONG - SP,MASTER 40MAS,7,0,0,0,0,7,,
26,FABRÍCIO FRANCISCO BERTELA,CR SALDANHA DA GAMA/SANTA CECÍLIA/FUPES - SP,SUB-15 MAS,7,1,1,3,1,1,,
19,GABRIEL JOSÉ RANGEL,ACEAS NIKKEI SUZANO - SP,SUB-19 MAS,7,0,0,3,3,1,,
18,GUSTAVO CIORCIARI ZAMITH,CLUBE DE TÊNIS DE MESA DE PINDAMONHANGABA - SP,SUB-21 MAS,7,0,7,0,0,0,,
15,GUSTAVO DE OLIVEIRA DOS SANTOS,TONANTEAMT.MESA-SP,ADULTO MAS,7,0,0,0,0,7,,
23,HEITOR HENRIQUE MELO DINIZ,SÃO JOSÉ FUTSAL E ESPORTES OLÍMPICOS-SP,SUB-17 MAS,7,1,1,3,1,1,,
17,HELCIO EIJI HONDA,ASSOC. NOVA ERA DE T.M.-SP,MASTER 60MAS,7,0,0,7,0,0,,
16,ISADORA RAMOS D' ELIA,MIRASSOL TENIS DE MESA - SP,SUB-13 FEM,7,0,0,7,0,0,,
22,JOÃO EDUARDO PIVA,ASSOC.JAUENSE DE T.M./PREFEITURA DE JAÚ-SP,SUB-13 MAS,7,1,3,3,0,0,,
24,JOÃO VICTOR OTA DE OLIVEIRA,SPING-PONG ACADEMIA DE ESPORTE E TREINAMENTOS,MASTER 30MAS,7,3,0,0,1,3,,
15,JÚLIO UEHARA NOGUEIRA DE BARROS LEITE,NEW PONG - SÃO JOSÉ DO RIO PRETO/SP - ACADEMIA DE TÊNIS DE MESA,ADULTO MAS,7,0,0,7,0,0,,
16,LARISSA YUKA TOYOTANI,ASSOCIAÇÃO ESPORTIVA RECREATIVA ATEME-SP,SUB-13 FEM,7,0,0,0,7,0,,
21,LENNON BROWN NAOTO IE UEHARA,CLUBE ITUANO DE ESPORTES-SP,ABSOLUTO A MAS,7,3,1,3,0,0,,
10,LETICIA YUMI FUJIHARA,TOP SPIN BRASIL ACADEMY TENIS DE MESA LTDA-SP,MASTER 30FEM,7,7,0,0,0,0,,
22,LUCA JORDÃO DE MAGALHÃES DORTA,PONG ZONE CENTRO DE TREINAMENTO DE TÊNIS DE MESA LTDA-SP,SUB-13 MAS,7,1,1,3,1,1,,
15,LUCAS DE OLIVEIRA LEITE,ACEMV / PREFEITURA DE VOTORANTIM / SEDESP-SP,ADULTO MAS,7,3,3,0,1,0,,
22,LUCAS M MARQUES,ASSOCIAÇÃO OURINHENSE DE BEM ESTAR-SP,SUB-13 MAS,7,1,1,3,1,1,,
16,LUCIANO PINTO LUCILIO,MASTER PONG TT ACADEMIA-SP,MASTER 50MAS,7,0,0,0,0,7,,
17,LUÍS GUSTAVO DE OLIVEIRA VILELA,ARAÇA PONG / SMELR ARAÇATUBA – SP,MASTER 40MAS,7,0,0,7,0,0,,
15,LUIZ ROBERTO DA CONCEIÇÃO SANTOS,ESPORTE CLUBE PRAIA GRANDE - SP,ADULTO MAS,7,3,0,0,3,1,,
18,LYDSA EMANUELLE SOARES VASCONCELOS,PONG ZONE CENTRO DE TREINAMENTO DE TÊNIS DE MESA LTDA-SP,SUB-15 FEM,7,3,1,3,0,0,,
16,MARIA EDUARDA PAIVA DA SILVA,CR SALDANHA DA GAMA/SANTA CECÍLIA/FUPES - SP,ABSOLUTO A FEM,7,0,0,0,0,7,,
10,MARINA MARIANO DE OLIVEIRA,MASTER PONG TT ACADEMIA-SP,MASTER 30FEM,7,7,0,0,0,0,,
26,PAULO JUN IDEHARA OBASE,ADECO/CENTRO OLÍMPICO/CEPEUSP-SP,SUB-15 MAS,7,1,1,1,3,1,,
22,PEDRO HENRIQUE GINO CRUZ,ASSOC.JAUENSE DE T.M./PREFEITURA DE JAÚ-SP,SUB-13 MAS,7,1,1,3,1,1,,
15,PEDRO HENRIQUE GUEDES REZENDE PINTO,ESPORTE CLUBE PRAIA GRANDE - SP,ADULTO MAS,7,7,0,0,0,0,,
18,PIETRO MIGUEL PHAIFFER,POWER PONG TM/ASSOCIAÇÃO DOS MESATENISTAS DE CAMPINAS-SP,SUB-21 MAS,7,0,0,0,0,7,,
22,RAFAEL ADOLFO SCHLEIFER,INST. FAIR PLAY DE DESENVOLVIMENTO ESPORTIVO-SP,SUB-13 MAS,7,1,3,0,3,0,,
24,RAFAEL EIDI TSUKAHARA,YARA CLUBE/ACADEMIA NELSON MACHADO/UNIMED/UNIMAR/SELJ-MARÍLIA-SP,MASTER 30MAS,7,3,0,3,1,0,,
21,RAPHAEL KENZO TAKANO ITO,ASSOCIAÇÃO CULTURAL NIPO BRASILEIRA DE SÃO CAETANO DO SUL/BUNKA-SP,ABSOLUTO A MAS,7,0,0,0,0,7,,
21,REN CAUAN NOSAWA,ASSOCIAÇÃO CULTURAL NIPO BRASILEIRA DE SÃO CAETANO DO SUL/BUNKA-SP,ABSOLUTO A MAS,7,0,0,0,7,0,,
19,RUAN PEDRAL DE SOUZA,ESPORTE CLUBE PRAIA GRANDE - SP,SUB-19 MAS,7,0,3,3,1,0,,
21,THIAGO  PRADELLA,ITAIM KEIKO / JJYAMADA - SP,ABSOLUTO A MAS,7,7,0,0,0,0,,
15,WALLACE ALMEIDA DA SILVA,TEAM MANCINI -SP,ADULTO MAS,7,0,0,7,0,0,,
21,ALEX EIKI SACCAI,TÊNIS DE MESA CASA VERDE-MI-SP,ADULTO MAS,6,3,0,0,0,3,,
18,ALEXANDRE DI MICELI DA SILVEIRA,TEAM MANCINI -SP,MASTER 50MAS,6,3,0,0,0,3,,
27,ALFREDO SOARES DE SOUZA NETO,ASSOCIAÇÃO ESPORTIVA RECREATIVA ATEME-SP,MASTER 30MAS,6,0,3,0,3,0,,
11,ANA CLARA DE OLIVEIRA MACÊRA,YARA CLUBE/ACADEMIA NELSON MACHADO/UNIMED/UNIMAR/SELJ-MARÍLIA-SP,SUB-11 FEM,6,0,0,3,3,0,,
22,ANDRÉ CARDOSO DE CASTRO,TÊNIS DE MESA CASA VERDE-MI-SP,SUB-19 MAS,6,0,0,0,3,3,,
13,ANGELA CRISTINA DE OLIVEIRA MARQUES,YARA CLUBE/ACADEMIA NELSON MACHADO/UNIMED/UNIMAR/SELJ-MARÍLIA-SP,MASTER 40FEM,6,3,3,0,0,0,,
20,ARTHUR NISHIMOTO MYAZATO,ASSOC.JAUENSE DE T.M./PREFEITURA DE JAÚ-SP,SUB-11 MAS,6,3,0,3,0,0,,
27,BRUNO DE CASTRO MIRANDA,ITAIM KEIKO / JJYAMADA - SP,MASTER 30MAS,6,3,0,0,0,3,,
28,CARLOS EDUARDO GIROLDO ROSIGNOLLI,ASSOCIAÇÃO OURINHENSE DE BEM ESTAR-SP,SUB-13 MAS,6,1,1,3,1,0,,
27,CELSO MINORU ABE,ESPORTE CLUBE CASTELO - LIGA/SP,MASTER 30MAS,6,3,3,0,0,0,,
17,DAIANE OLIVEIRA SILVA,MASTER PONG TT ACADEMIA-SP,ABSOLUTO A FEM,6,3,0,3,0,0,,
24,DANIEL HIROYUKI IZUMI,CLUBE DE TÊNIS DE MESA DE PINDAMONHANGABA - SP,SUB-17 MAS,6,1,1,0,1,3,,
13,DANIELA VOLYK,SOCIEDADE ESPORTIVA PALMEIRAS-SP,SUB-17 FEM,6,0,3,0,3,0,,
21,DYEGO FERNANDES DOS SANTOS,TOP SPIN BRASIL ACADEMY TENIS DE MESA LTDA-SP,ADULTO MAS,6,3,0,0,3,0,,
25,ENRICO BARBOSA PICCIN,TONANTEAMT.MESA-SP,ABSOLUTO A MAS,6,3,3,0,0,0,,
13,ESTHER RODRIGUES,MIRASSOL TENIS DE MESA,SUB-17 FEM,6,0,3,3,0,0,,
20,EVANDRO AZEVEDO NETO,ACADEMIA DE TÊNIS DE MESA LIFE PONG - SP,MASTER 40MAS,6,3,3,0,0,0,,
8,FLAVIA MARIA MESSIAS ROSSIRE,SPING-PONG ACADEMIA DE ESPORTE E TREINAMENTOS - SP,MASTER 60FEM,6,0,0,0,3,3,,
24,FREDERICO ALCÂNTARA SPÍNOLA MARTINS,ESPORTE CLUBE PRAIA GRANDE - SP,SUB-17 MAS,6,0,3,3,0,0,,
17,GIOVANA YUNA SHIOZAKI,CLUBE ITUANO DE ESPORTES-SP,ABSOLUTO A FEM,6,3,3,0,0,0,,
21,GUILHERME ALVES DA SILVEIRA,NEW PONG - SÃO JOSÉ DO RIO PRETO/SP - ACADEMIA DE TÊNIS DE MESA,ADULTO MAS,6,0,0,3,0,3,,
20,GUSTAVO MATA PECHIBELLA,TEAM MANCINI -SP,SUB-11 MAS,6,3,1,0,1,1,,
24,HEITOR FERNANDES DA CRUZ,ITAIM KEIKO / JJYAMADA - SP,SUB-17 MAS,6,1,1,3,0,1,,
8,IVONE APARECIDA DOS SANTOS MATSUMOTO,SPING-PONG ACADEMIA DE ESPORTE E TREINAMENTOS - SP,MASTER 60FEM,6,0,0,0,3,3,,
21,JONATHAN MOREIRA RODRIGUES,ASSOCIAÇÃO ATLÉTICA SALTENSE-SP,ADULTO MAS,6,3,3,0,0,0,,
27,JÚLIO CÉSAR SILVA,TOP SPIN BRASIL ACADEMY TENIS DE MESA LTDA-SP,MASTER 30MAS,6,3,1,0,1,1,,
25,KHRISTOPHER KEISKE OGASAWARA,ASSOC. NOVA ERA DE T.M.-SP,ABSOLUTO A MAS,6,3,3,0,0,0,,
13,LARISSA TASSI LOBATO,MASTER PONG TT ACADEMIA-SP,MASTER 40FEM,6,3,3,0,0,0,,
20,LUIS CLAUDIO TOBARU TIBANA,ITAIM KEIKO / JJYAMADA - SP,MASTER 40MAS,6,3,0,0,0,3,,
27,MANUEL FREITAS CHAMBEL PAIVA,ITAIM KEIKO / JJYAMADA - SP,MASTER 30MAS,6,3,3,0,0,0,,
18,MÁRCIO MASSARU SAMBONMATSU,ACEMV / PREFEITURA DE VOTORANTIM / SEDESP-SP,MASTER 50MAS,6,0,3,0,3,0,,
17,MARIA EDUARDA DOS SANTOS CARRIJO CHIQUETTO,PLAY PONG / ADAC - CARAGUATATUBA-SP,ABSOLUTO A FEM,6,3,3,0,0,0,,
28,MATEUS AUGUSTO TANIGUTI VISSOTTO,ASSOC.JAUENSE DE T.M./PREFEITURA DE JAÚ-SP,SUB-13 MAS,6,1,1,3,0,1,,
18,MAURICIO MENEZES MENDONCA,ACADEMIA DE TÊNIS DE MESA LIFE PONG - SP,MASTER 50MAS,6,3,0,3,0,0,,
20,NICOLÁS SANTIAGO QUIROGA PAVÉ,TOP SPIN BRASIL ACADEMY TENIS DE MESA LTDA-SP,SUB-21 MAS,6,3,0,0,3,0,,
11,PALOMA OLIVEIRA,ASSOCIAÇÃO RCTM - SP,SUB-11 FEM,6,0,3,0,3,0,,
28,PEDRO HIDEKI NISHIAKA,ASSOCIAÇÃO CULTURAL NIPO BRASILEIRA DE SÃO CAETANO DO SUL/BUNKA-SP,SUB-13 MAS,6,1,0,3,1,1,,
21,RAFAEL ANDRADE FRANCO,NEW PONG - SÃO JOSÉ DO RIO PRETO/SP - ACADEMIA DE TÊNIS DE MESA,ADULTO MAS,6,0,0,3,3,0,,
24,RAFAEL SOARES DOS SANTOS JUNIOR,SESI - SP,SUB-17 MAS,6,1,1,3,1,0,,
27,RODNEI DOS SANTOS ROBERTO,PONG ZONE CENTRO DE TREINAMENTO DE TÊNIS DE MESA LTDA-SP,MASTER 30MAS,6,0,0,0,3,3,,
10,THEO LEITE LUIZ DE ARAÚJO,ADECO/CENTRO OLÍMPICO/CEPEUSP-SP,SUB-09 MAS,6,0,0,3,3,0,,
27,TIAGO SILVA KAKEYA,ASSOC. NOVA ERA DE T.M.-SP,MASTER 30MAS,6,3,0,3,0,0,,
19,TOSHIAKI SHITARA,ACEMV / PREFEITURA DE VOTORANTIM / SEDESP-SP,MASTER 60MAS,6,3,3,0,0,0,,
13,VITÓRIA TRINDADE DOS SANTOS,ASSOCIACAO BETHEL DE BOTUCATU-SP,SUB-17 FEM,6,0,3,3,0,0,,
29,ARTHUR HENRIQUE PYRRHO SOARES,ESPORTE CLUBE PRAIA GRANDE - SP,SUB-15 MAS,5,1,1,1,1,1,,
22,CARLOS EDUARDO AVALLONE ESTATI,PONG ZONE CENTRO DE TREINAMENTO DE TÊNIS DE MESA LTDA-SP,SUB-11 MAS,5,3,1,0,0,1,,
29,CRISTIAN MARTINELLI,TEAM MANCINI -SP,SUB-15 MAS,5,1,1,1,1,1,,
29,ENZO PIRES,TMSA - TÊNIS DE MESA SANTO ANDRÉ - SP,SUB-15 MAS,5,1,1,1,1,1,,
31,FELIPE DUTRA BRAGA,SÃO JOSÉ FUTSAL E ESPORTES OLÍMPICOS-SP,SUB-13 MAS,5,1,1,3,0,0,,
29,FELIPE VASCONCELOS DA MATTA,ACENBO OSASCO - LIGA-SP,SUB-15 MAS,5,1,1,1,1,1,,
34,FERNANDO PARAIZO CIARALLO,ACENBO OSASCO - LIGA-SP,MASTER 30MAS,5,3,1,0,0,1,,
28,GABRIEL FONSECA,SESI - SP,SUB-17 MAS,5,1,1,3,0,0,,
28,GUSTAVO ARAÚJO LOPES VIEIRA,ASSOC.JAUENSE DE T.M./PREFEITURA DE JAÚ-SP,SUB-17 MAS,5,1,1,3,0,0,,
27,GUSTAVO DE OLIVEIRA DOS SANTOS,TONANTEAMT.MESA-SP,ABSOLUTO A MAS,5,3,1,0,1,0,,
22,JAIME TOMOKAZU OIDE,ACENBO OSASCO - LIGA-SP,MASTER 40MAS,5,1,1,0,0,3,,
23,KAYC FELIPE DEL VECHIO PINHEIRO,ASSOCIACAO BETHEL DE BOTUCATU-SP,SUB-19 MAS,5,1,1,3,0,0,,
21,LEONARDO GALVÃO MURANO,TONANTEAMT.MESA-SP,SUB-21 MAS,5,3,1,0,0,1,,
26,LEONARDO INÁCIO DOURADO,ITAIM KEIKO / JJYAMADA - SP,ADULTO MAS,5,3,1,0,0,1,,
34,LUCAS SALHEB,TEAM MANCINI -SP,MASTER 30MAS,5,0,0,3,1,1,,
22,MARTIN DE CNOP TAMBURUS,POWER PONG TM/ASSOCIAÇÃO DOS MESATENISTAS DE CAMPINAS-SP,SUB-11 MAS,5,3,1,0,0,1,,
31,MIGUEL CHAGAS DE ALMEIDA,ASSOC. NOVA ERA DE T.M.-SP,SUB-13 MAS,5,1,1,3,0,0,,
29,NICHOLAS SILVERIO FIGUEIREDO LEITE,TEAM MANCINI -SP,SUB-15 MAS,5,1,1,1,1,1,,
28,NICOLAS MOURA LASNOU,MIRASSOL TENIS DE MESA,SUB-17 MAS,5,1,1,3,0,0,,
29,PAULO RICARDO RODRIGUES BARBOSA,ESPORTE CLUBE PRAIA GRANDE - SP,SUB-15 MAS,5,1,1,1,1,1,,
31,PEDRO FONTES CAJAZEIRA,SOCIEDADE ESPORTIVA PALMEIRAS-SP,SUB-13 MAS,5,1,1,3,0,0,,
29,PEDRO HENRIQUE PITHON ABREU,ADECO/CENTRO OLÍMPICO/CEPEUSP-SP,SUB-15 MAS,5,1,1,1,1,1,,
23,PETERSON SILVESTRE CARDOSO,ASSOCIACAO BETHEL DE BOTUCATU-SP,SUB-19 MAS,5,1,1,3,0,0,,
34,RAFAEL EDUARDO ZACHARIAS HIRAMA,CLUBE ITUANO DE ESPORTES-SP,MASTER 30MAS,5,0,0,3,1,1,,
31,RICARDO RODRIGUES DE FRANÇA VIEIRA FILHO,SÃO JOSÉ FUTSAL E ESPORTES OLÍMPICOS-SP,SUB-13 MAS,5,1,1,3,0,0,,
28,RYAN OLIVEIRA,ASSOCIAÇÃO RCTM - SP,SUB-17 MAS,5,0,1,3,1,0,,
21,SANDRO FRANCO DA MOTTA,MASTER PONG TT ACADEMIA-SP,MASTER 50MAS,5,0,1,0,3,1,,
29,THALES SARAIVA MAIA,SESI - SP,SUB-15 MAS,5,1,1,1,1,1,,
21,YUGO MIYASHITA,ITAIM KEIKO / JJYAMADA - SP,MASTER 50MAS,5,0,0,3,1,1,,
29,YURI PROENÇA MURAKI,ESPORTE CLUBE PRAIA GRANDE - SP,SUB-15 MAS,5,1,1,1,1,1,,
38,ADRIEL DOMINGUES DA SILVA,CLUBE DE TÊNIS DE MESA DE PINDAMONHANGABA - SP,SUB-15 MAS,4,1,1,0,1,1,,
23,ALEXANDRE PEDRO BIGELI,NOSSO CLUBE DE LIMEIRA-SP,MASTER 40MAS,4,3,1,0,0,0,,
23,ANDRE LUIS CAMPOS CRUZ,MASTER PONG TT ACADEMIA-SP,MASTER 40MAS,4,0,0,0,1,3,,
23,ARI JUNITI UWAI,ACEMV / PREFEITURA DE VOTORANTIM / SEDESP-SP,MASTER 50MAS,4,3,1,0,0,0,,
35,ARTHUR DE MANO,SPING-PONG ACADEMIA DE ESPORTE E TREINAMENTOS,SUB-13 MAS,4,1,1,0,1,1,,
25,ARTHUR FELIPE VIEIRA LEÃO DA ROCHA,AFE ARARAQUARA-SP,SUB-19 MAS,4,0,1,3,0,0,,
24,BERNARDO CHRISTENSEN UKITA,ACENBO OSASCO - LIGA-SP,SUB-11 MAS,4,3,1,0,0,0,,
20,BRUNNA RODRIGUES DE MELLO ROSA,ASSOCIAÇÃO CULTURAL NIPO BRASILEIRA DE SÃO CAETANO DO SUL/BUNKA-SP,ABSOLUTO A FEM,4,0,0,0,1,3,,
32,BRUNO ARANHA MARANTE,ITAIM KEIKO / JJYAMADA - SP,SUB-17 MAS,4,3,1,0,0,0,,
37,BRUNO BARRADAS PIMENTEL,PONG ZONE CENTRO DE TREINAMENTO DE TÊNIS DE MESA LTDA-SP,MASTER 30MAS,4,0,0,0,3,1,,
27,CAIO AUGUSTO YOSHIAKI TSUCHIDA,TOP SPIN BRASIL ACADEMY TENIS DE MESA LTDA-SP,ADULTO MAS,4,3,0,0,1,0,,
38,CAIO PINHEIRO DIAS,ASSOCIAÇÃO CULTURAL NIPO BRASILEIRA DE SÃO CAETANO DO SUL/BUNKA-SP,SUB-15 MAS,4,1,1,1,1,0,,
37,CARLOS HENRIQUE PIO JUNIOR,TOP SPIN BRASIL ACADEMY TENIS DE MESA LTDA-SP,MASTER 30MAS,4,1,1,0,1,1,,
35,CARLOS HENRIQUE YUTI MATSUMOTO NAKAMURA,SPING-PONG ACADEMIA DE ESPORTE E TREINAMENTOS,SUB-13 MAS,4,1,1,0,1,1,,
25,CARLOS MIGUEL MOLITERNO DE OLIVEIRA,SPING-PONG ACADEMIA DE ESPORTE E TREINAMENTOS,SUB-19 MAS,4,1,1,0,1,1,,
38,DAVI ANTONELLI NASCIMENTO LEAO,AFE ARARAQUARA-SP,SUB-15 MAS,4,1,1,1,0,1,,
35,DAVI KENJI PRADO SUZUKI,PONG ZONE CENTRO DE TREINAMENTO DE TÊNIS DE MESA LTDA-SP,SUB-13 MAS,4,1,1,0,1,1,,
19,EMILY PRADO ROCCHI FOGAGNOLO,JAU PONG TÊNIS DE MESA LTDA-SP,SUB-15 FEM,4,0,1,3,0,0,,
25,ENZO DE CARVALHO MARIN,NEW PONG - SÃO JOSÉ DO RIO PRETO/SP - ACADEMIA DE TÊNIS DE MESA,SUB-19 MAS,4,0,0,3,1,0,,
35,ERIC KEN NAKAMURA UEMATSU,SPING-PONG ACADEMIA DE ESPORTE E TREINAMENTOS,SUB-13 MAS,4,1,1,0,1,1,,
22,ERICK KUSAKAWA MAENISHI,TOP SPIN BRASIL ACADEMY TENIS DE MESA LTDA-SP,SUB-21 MAS,4,3,1,0,0,0,,
38,ERICK TETSUYA SHOKIDA,TEAM MANCINI -SP,SUB-15 MAS,4,1,1,0,1,1,,
38,FELIPE DE OLIVEIRA,ASSOCIAÇÃO CULTURAL NIPO BRASILEIRA DE SÃO CAETANO DO SUL/BUNKA-SP,SUB-15 MAS,4,1,1,1,1,0,,
28,FELIPE EIKI TAGAMI IKEDA,ASSOCIAÇÃO CULTURAL NIPO BRASILEIRA DE SÃO CAETANO DO SUL/BUNKA-SP,ABSOLUTO A MAS,4,3,1,0,0,0,,
25,FELIPE NAOKI KURIYAMA,TOP SPIN BRASIL ACADEMY TENIS DE MESA LTDA-SP,SUB-19 MAS,4,1,0,3,0,0,,
23,FLÁVIO TSUDA,POWER PONG TM/ASSOCIAÇÃO DOS MESATENISTAS DE CAMPINAS-SP,MASTER 50MAS,4,0,1,0,0,3,,
38,GABRIEL JOSÉ MENEZES BALBINO PEREIRA,YARA CLUBE/ACADEMIA NELSON MACHADO/UNIMED/UNIMAR/SELJ-MARÍLIA-SP,SUB-15 MAS,4,1,1,1,1,0,,
27,GABRIEL OLIVEIRA DE ANDRADE,INST. FAIR PLAY DE DESENVOLVIMENTO ESPORTIVO-SP,ADULTO MAS,4,3,1,0,0,0,,
32,GUILHERME ASSUNCAO TEIXEIRA,ACENBO OSASCO - LIGA-SP,SUB-17 MAS,4,1,1,0,1,1,,
38,GUILHERME AUGUSTO CÂNDIDO FERREIRA,SESI - SP,SUB-15 MAS,4,1,1,1,1,0,,
37,GUSTAVO HENRIQUE PIO,AFE ARARAQUARA-SP,MASTER 30MAS,4,0,1,3,0,0,,
18,HELENA LOPES ASSEM,YARA CLUBE/ACADEMIA NELSON MACHADO/UNIMED/UNIMAR/SELJ-MARÍLIA-SP,SUB-13 FEM,4,3,1,0,0,0,,
24,HENRIQUE MESQUITA SERVA REIS,YARA CLUBE/ACADEMIA NELSON MACHADO/UNIMED/UNIMAR/SELJ-MARÍLIA-SP,SUB-11 MAS,4,0,1,3,0,0,,
27,IGOR GOMES DE SOUZA,PLAY PONG / ADAC - CARAGUATATUBA-SP,ADULTO MAS,4,3,1,0,0,0,,
27,IGOR SIMÕES DA SILVA,ESPORTE CLUBE PRAIA GRANDE - SP,ADULTO MAS,4,0,1,0,3,0,,
28,JEFERSON CARVALHO BENTO,CLUBE DE TÊNIS DE MESA DE PINDAMONHANGABA - SP,ABSOLUTO A MAS,4,3,0,0,1,0,,
23,JORGE LUIS DE CAMPOS,ASSOCIAÇÃO CULTURAL E DESPORTIVA DE ASSIS - SP,MASTER 50MAS,4,1,0,3,0,0,,
25,KAUÃ GABRIEL PARTEZANI,NEW PONG - SÃO JOSÉ DO RIO PRETO/SP - ACADEMIA DE TÊNIS DE MESA,SUB-19 MAS,4,0,0,3,1,0,,
28,LUCAS NELINGTON DE OLIVEIRA PAULA,ITAIM KEIKO / JJYAMADA - SP,ABSOLUTO A MAS,4,3,1,0,0,0,,
23,LUCIANO MASSARO HAYASAKI,NEW PONG - SÃO JOSÉ DO RIO PRETO/SP - ACADEMIA DE TÊNIS DE MESA,MASTER 50MAS,4,0,0,3,1,0,,
23,LUIS ALBERTO D ALMEIDA LEANZA,CLUBE RECREATIVO SUMARÉ-SP,MASTER 50MAS,4,3,0,0,1,0,,
28,LUÍS CLÁUDIO MOREIRA JÚNIOR,ASSOCIAÇÃO CULTURAL NIPO BRASILEIRA DE SÃO CAETANO DO SUL/BUNKA-SP,ABSOLUTO A MAS,4,1,1,0,1,1,,
18,LUIZA CRISTINA DOS SANTOS ARAÚJO,SESI - SP,SUB-13 FEM,4,0,0,0,1,3,,
23,MARCOS HANSEN PAZETTO,CLUBE RECREATIVO SUMARÉ-SP,MASTER 50MAS,4,0,0,0,1,3,,
37,MICHEL AUGUSTO SARTORATO,TIME JUNDIAÍ - SP,MASTER 30MAS,4,3,1,0,0,0,,
35,MICHEL DLEIZER,ASSOCIAÇÃO ESPORTIVA RECREATIVA ATEME-SP,SUB-13 MAS,4,1,1,0,1,1,,
25,NICOLAS RUDOLF ELERBROCK ZORN,SESI - SP,SUB-19 MAS,4,1,0,3,0,0,,
38,PEDRO AUGUSTO MONTEIRO YAMAMURA,TOP SPIN BRASIL ACADEMY TENIS DE MESA LTDA-SP,SUB-15 MAS,4,1,1,1,1,0,,
32,PIETRO MIGUEL PHAIFFER,POWER PONG TM/ASSOCIAÇÃO DOS MESATENISTAS DE CAMPINAS-SP,SUB-17 MAS,4,3,1,0,0,0,,
28,RAFAEL EDUARDO ZACHARIAS HIRAMA,CLUBE ITUANO DE ESPORTES-SP,ABSOLUTO A MAS,4,3,1,0,0,0,,
27,RAUL MANTIA CASTELLANO ALMEIDA PINTO,CLUBE DE TÊNIS DE MESA ALVES TT/CAIEIRAS - SP,ADULTO MAS,4,3,1,0,0,0,,
32,RICARDO AUGUSTO COUTRIM,ASSOCIACAO BETHEL DE BOTUCATU-SP,SUB-17 MAS,4,0,1,3,0,0,,
38,ROBSON LEONARDO RODRIGUES DOS SANTOS,ASSOC.JAUENSE DE T.M./PREFEITURA DE JAÚ-SP,SUB-15 MAS,4,1,1,1,0,1,,
32,SAMUEL FERNANDES BARBOSA SILVA,SOCIEDADE ESPORTIVA PALMEIRAS-SP,SUB-17 MAS,4,0,1,3,0,0,,
38,THIAGO JUN ISHII,TÊNIS DE MESA CASA VERDE-MI-SP,SUB-15 MAS,4,1,1,0,1,1,,
28,VALTER CLEBERSON MUKAIBATA,CLUBE ITUANO DE ESPORTES-SP,ABSOLUTO A MAS,4,0,1,3,0,0,,
35,YAN DE OLIVEIRA SOUZA,TMSA - TÊNIS DE MESA SANTO ANDRÉ - SP,SUB-13 MAS,4,0,0,0,1,3,,
38,YIZE ZHAO,ITAIM KEIKO / JJYAMADA - SP,SUB-15 MAS,4,1,0,1,1,1,,
20,AILTON PEREIRA,ACENBO OSASCO - LIGA-SP,MASTER 60MAS,3,3,0,0,0,0,,
37,ALEXANDRE KIOTO OLÍMPIO IHA,TIME JUNDIAÍ - SP,SUB-17 MAS,3,1,1,0,1,0,,
37,ALEXANDRE RICARDO BERNA RODRIGUES,INST. FAIR PLAY DE DESENVOLVIMENTO ESPORTIVO-SP,SUB-17 MAS,3,0,1,0,1,1,,
20,ANA CAROLINA YEE,TIME JUNDIAÍ - SP,SUB-15 FEM,3,3,0,0,0,0,,
37,ANDRÉ TANI COELHO DA SILVA,TEAM MANCINI -SP,SUB-17 MAS,3,1,1,0,1,0,,
41,ANTONIO ALBERTO DANTAS GONÇALVES DOS SANTOS,ACADEMIA DE TÊNIS DE MESA LIFE PONG - SP,MASTER 30MAS,3,1,1,0,1,0,,
41,ARTHUR BERNARDI ECKSCHMIEDT,TIME JUNDIAÍ - SP,SUB-13 MAS,3,1,1,0,0,1,,
49,BERNARDO CANIN SAIDEL,ITAIM KEIKO / JJYAMADA - SP,SUB-15 MAS,3,0,1,1,1,0,,
41,BERNARDO FERNANDES DE PAULA,ACENBO OSASCO - LIGA-SP,SUB-13 MAS,3,1,1,0,1,0,,
49,BRENO LUCINDO DA SILVA,YARA CLUBE/ACADEMIA NELSON MACHADO/UNIMED/UNIMAR/SELJ-MARÍLIA-SP,SUB-15 MAS,3,1,1,1,0,0,,
41,BRUNO HIDEKI WAKIYAMA,ITAIM KEIKO / JJYAMADA - SP,MASTER 30MAS,3,0,0,0,0,3,,
41,BRUNO ZAMPIERI MARTINHO,ACADEMIA DE TÊNIS DE MESA LIFE PONG - SP,MASTER 30MAS,3,3,0,0,0,0,,
49,CARLOS EDUARDO TAVARES VENTINI,SPING-PONG ACADEMIA DE ESPORTE E TREINAMENTOS,SUB-15 MAS,3,1,1,0,1,0,,
32,CAUAN SILVA E SOUSA,NEW PONG - SÃO JOSÉ DO RIO PRETO/SP - ACADEMIA DE TÊNIS DE MESA,ADULTO MAS,3,0,0,3,0,0,,
32,CÉSAR SEO TAKOSE,TEAM MANCINI -SP,ADULTO MAS,3,3,0,0,0,0,,
25,DANIEL FERNANDO FRANCISCO DE SOUZA,NEW PONG - SÃO JOSÉ DO RIO PRETO/SP - ACADEMIA DE TÊNIS DE MESA,MASTER 40MAS,3,0,0,3,0,0,,
11,DAVI JORDÃO DE MAGALHÃES DORTA,PONG ZONE CENTRO DE TREINAMENTO DE TÊNIS DE MESA LTDA-SP,SUB-09 MAS,3,0,0,3,0,0,,
25,DAVI JOSE FARIA COSTA,NEW PONG - SÃO JOSÉ DO RIO PRETO/SP - ACADEMIA DE TÊNIS DE MESA,MASTER 40MAS,3,0,0,3,0,0,,
32,DAVID GOMES DA SILVA,CLUBE RECREATIVO SUMARÉ-SP,ADULTO MAS,3,3,0,0,0,0,,
29,DENNY NAKAGAWA,SPING-PONG ACADEMIA DE ESPORTE E TREINAMENTOS,MASTER 50MAS,3,3,0,0,0,0,,
34,DIEGO DUARTE BARBOZA,SOCIEDADE ESPORTIVA PALMEIRAS-SP,ABSOLUTO A MAS,3,3,0,0,0,0,,
31,EDUARDO HENRIQUE CAMPOS,M2TM CENTRO DE TREINAMENTO DE TÊNIS DE MESA-SP,SUB-19 MAS,3,1,1,0,0,1,,
41,EDUARDO HENRIQUE FERRI SALINAS,NEW PONG - SÃO JOSÉ DO RIO PRETO/SP - ACADEMIA DE TÊNIS DE MESA,MASTER 30MAS,3,0,0,3,0,0,,
29,EDUARDO SHEIDI GOTO,PONG ZONE CENTRO DE TREINAMENTO DE TÊNIS DE MESA LTDA-SP,MASTER 50MAS,3,1,0,0,1,1,,
49,ENZO ASSAKAWA,POWER PONG TM/ASSOCIAÇÃO DOS MESATENISTAS DE CAMPINAS-SP,SUB-15 MAS,3,1,1,0,1,0,,
23,ENZO FELIPE NERI CARDAS,TOP SPIN BRASIL ACADEMY TENIS DE MESA LTDA-SP,SUB-21 MAS,3,3,0,0,0,0,,
37,ENZO GABRIEL VITALIANO VIEIRA,ASSOCIAÇÃO DOS SERVIDORES MUNICIPAIS DE RIBEIRÃO PRETO - SP,SUB-17 MAS,3,0,0,3,0,0,,
26,ENZO GUTIERRES DEJOL,TMSA - TÊNIS DE MESA SANTO ANDRÉ - SP,SUB-11 MAS,3,0,0,0,0,3,,
49,ENZO SEIJI MIYAMOTO,TEAM MANCINI -SP,SUB-15 MAS,3,1,1,0,1,0,,
34,ERIC DE ARAÚJO MANCINI,TEAM MANCINI -SP,ABSOLUTO A MAS,3,3,0,0,0,0,,
21,EVELLYN PEREIRA DOS SANTOS,NEW PONG - SÃO JOSÉ DO RIO PRETO/SP - ACADEMIA DE TÊNIS DE MESA,ABSOLUTO A FEM,3,0,0,3,0,0,,
32,FABIO ANDRÉ SANTOS GONÇALVES,LAR TABLE TENNIS-SP,ADULTO MAS,3,3,0,0,0,0,,
32,FELIPE ANTONIAZZI DE OLIVEIRA,YARA CLUBE/ACADEMIA NELSON MACHADO/UNIMED/UNIMAR/SELJ-MARÍLIA-SP,ADULTO MAS,3,0,3,0,0,0,,
41,FELIPE BOVOLENTA COMOTTI,ESPORTE CLUBE PRAIA GRANDE - SP,SUB-13 MAS,3,0,0,3,0,0,,
49,FELIPE BUCIOLI SIMIONI,POWER PONG TM/ASSOCIAÇÃO DOS MESATENISTAS DE CAMPINAS-SP,SUB-15 MAS,3,1,0,0,1,1,,
49,FELIPE TAKASHI KIMURA ISHIKAWA,PONG ZONE CENTRO DE TREINAMENTO DE TÊNIS DE MESA LTDA-SP,SUB-15 MAS,3,1,0,0,1,1,,
31,FREDERICO ALCÂNTARA SPÍNOLA MARTINS,ESPORTE CLUBE PRAIA GRANDE - SP,SUB-19 MAS,3,3,0,0,0,0,,
23,GABRIEL BRITES DE FIGUEIREDO,TIME JUNDIAÍ - SP,SUB-21 MAS,3,3,0,0,0,0,,
41,GABRIEL DE PAULA CARAÇA,ASSOCIAÇÃO RCTM - SP,MASTER 30MAS,3,0,3,0,0,0,,
26,GABRIEL RITUCCI RODRIGUES MOREIRA,ASSOCIAÇÃO FRANCANA DE VOLEIBOL,SUB-11 MAS,3,3,0,0,0,0,,
11,GABRIEL RODRIGUES NUNES,YARA CLUBE/ACADEMIA NELSON MACHADO/UNIMED/UNIMAR/SELJ-MARÍLIA-SP,SUB-09 MAS,3,0,0,3,0,0,,
41,GABRIEL SCHWEIZER BEISIGEL,TIME JUNDIAÍ - SP,SUB-13 MAS,3,1,1,0,0,1,,
37,GUILHERME DE CASTRO OLIVEIRA,CLUBE DE TÊNIS DE MESA DE PINDAMONHANGABA - SP,SUB-17 MAS,3,1,1,0,1,0,,
25,GUILHERME RIGGIO IFANGER,POWER PONG TM/ASSOCIAÇÃO DOS MESATENISTAS DE CAMPINAS-SP,MASTER 40MAS,3,0,3,0,0,0,,
34,GUSTAVO MARTINS WHITAKER,SOCIEDADE ESPORTIVA PALMEIRAS-SP,ABSOLUTO A MAS,3,0,0,3,0,0,,
49,HENRIQUE BATISTA DE MOURA,JAU PONG TÊNIS DE MESA LTDA-SP,SUB-15 MAS,3,1,1,1,0,0,,
37,HENRIQUE KENZO SUZUKI MATSUMOTO,TÊNIS DE MESA CASA VERDE-MI-SP,SUB-17 MAS,3,0,1,0,1,1,,
41,HÉVERTON FIGUERÊDO DA SILVA,TOP SPIN BRASIL ACADEMY TENIS DE MESA LTDA-SP,MASTER 30MAS,3,0,1,0,1,1,,
11,ISAQUE CARVALHO,ESPORTE CLUBE PRAIA GRANDE - SP,SUB-09 MAS,3,0,0,3,0,0,,
16,ISIS SANCHES TOHYAMA,ASSOCIAÇÃO CULTURAL E DESPORTIVA DE ASSIS - SP,SUB-17 FEM,3,0,3,0,0,0,,
20,IVAN KUHLMANN NOGUEIRA,ACADEMIA DE TÊNIS DE MESA LIFE PONG - SP,MASTER 60MAS,3,3,0,0,0,0,,
15,JACKELINE FERNANDES,SOCIEDADE ESPORTIVA PALMEIRAS-SP,MASTER 40FEM,3,0,3,0,0,0,,
49,JOÃO  PEDRO  COSER  BUENO,POWER PONG TM/ASSOCIAÇÃO DOS MESATENISTAS DE CAMPINAS-SP,SUB-15 MAS,3,0,1,0,1,1,,
29,JOÃO CANDIDO DE OLIVEIRA PORTO,NEW PONG - SÃO JOSÉ DO RIO PRETO/SP - ACADEMIA DE TÊNIS DE MESA,MASTER 50MAS,3,0,0,3,0,0,,
49,JOÃO EDUARDO RIBEIRO MIRA,YARA CLUBE/ACADEMIA NELSON MACHADO/UNIMED/UNIMAR/SELJ-MARÍLIA-SP,SUB-15 MAS,3,1,1,0,1,0,,
11,JOÃO PEDRO SILVEIRA DUARTE,POWER PONG TM/ASSOCIAÇÃO DOS MESATENISTAS DE CAMPINAS-SP,SUB-09 MAS,3,0,3,0,0,0,,
34,JOAO VICTOR ALONSO VALESE MARINI,ASSOCIAÇÃO DOS SERVIDORES MUNICIPAIS DE RIBEIRÃO PRETO - SP,ABSOLUTO A MAS,3,0,0,3,0,0,,
49,JOÃO VICTOR DE OLIVEIRA DIAS,ADECO/CENTRO OLÍMPICO/CEPEUSP-SP,SUB-15 MAS,3,1,1,0,0,1,,
37,JOÃO.LUCCA YONEDA,ADECO/CENTRO OLÍMPICO/CEPEUSP-SP,SUB-17 MAS,3,0,0,1,1,1,,
10,JORGE EDUARDO CORREIA TORRES,MASTER PONG TT ACADEMIA-SP,MASTER 70MAS,3,0,0,0,3,0,,
25,JÚLIO CÉSAR PEREIRA,ARAÇA PONG / SMELR ARAÇATUBA – SP,MASTER 40MAS,3,0,0,3,0,0,,
49,KAITO TAKAMOTO,ITAIM KEIKO / JJYAMADA - SP,SUB-15 MAS,3,1,1,0,1,0,,
25,KENGI RICARDO YASSUDA,NEW PONG - SÃO JOSÉ DO RIO PRETO/SP - ACADEMIA DE TÊNIS DE MESA,MASTER 40MAS,3,0,0,3,0,0,,
32,KEVIS LEE,NEW PONG - SÃO JOSÉ DO RIO PRETO/SP - ACADEMIA DE TÊNIS DE MESA,ADULTO MAS,3,0,0,3,0,0,,
16,KIMBERLLY CRISTIANE DE AQUINO CAMBUHY,MIRASSOL TENIS DE MESA - SP,SUB-17 FEM,3,0,0,3,0,0,,
14,LAÍS MARIA APARECIDA DA SILVA,ASSOCIAÇÃO CULTURAL E ASSISTENCIAL MIE KENJIN DO BRASIL-SP,ADULTO FEM,3,0,0,0,3,0,,
16,LAISSA GARCIA LEITE,CLUBE DE CAMPO DE PIRACICABA-CCP-SP,SUB-17 FEM,3,0,3,0,0,0,,
13,LAURA RIBEIRO TOBIAS OLIVEIRA,SESI - SP,SUB-11 FEM,3,0,0,0,0,3,,
34,LEONARDO ARATA,TOP SPIN BRASIL ACADEMY TENIS DE MESA LTDA-SP,ABSOLUTO A MAS,3,3,0,0,0,0,,
41,LEONARDO SANTANA SERDAN,NEW PONG - SÃO JOSÉ DO RIO PRETO/SP - ACADEMIA DE TÊNIS DE MESA,MASTER 30MAS,3,0,0,3,0,0,,
20,LIVIA FERNANDA COSTA SENA,YARA CLUBE/ACADEMIA NELSON MACHADO/UNIMED/UNIMAR/SELJ-MARÍLIA-SP,SUB-13 FEM,3,0,0,3,0,0,,
16,LIVIA PEDRO CINTO,CLUBE DE CAMPO DE PIRACICABA-CCP-SP,SUB-17 FEM,3,0,3,0,0,0,,
16,LUARA OLIVEIRA BATISTA,SESI - SP,SUB-17 FEM,3,0,0,3,0,0,,
26,LUCAS CASTELLI TAHARA,ARAÇA PONG / SMELR ARAÇATUBA – SP,SUB-11 MAS,3,0,0,3,0,0,,
34,LUCAS DOMICIANO VIANNA,MASTER PONG TT ACADEMIA-SP,ABSOLUTO A MAS,3,0,0,3,0,0,,
26,LUCAS KUROBA WATANUKI,TEAM MANCINI -SP,SUB-11 MAS,3,3,0,0,0,0,,
32,LUCAS NELINGTON DE OLIVEIRA PAULA,ITAIM KEIKO / JJYAMADA - SP,ADULTO MAS,3,0,0,0,0,3,,
20,LUIZ CARLOS DE SOUZA,YARA CLUBE/ACADEMIA NELSON MACHADO/UNIMED/UNIMAR/SELJ-MARÍLIA-SP,MASTER 60MAS,3,0,0,0,3,0,,
25,LUIZ EDUARDO BETONI,NEW PONG - SÃO JOSÉ DO RIO PRETO/SP - ACADEMIA DE TÊNIS DE MESA,MASTER 40MAS,3,0,0,3,0,0,,
49,MARCELO HENRIQUE COSTA GONÇALVES,AFE ARARAQUARA-SP,SUB-15 MAS,3,1,1,1,0,0,,
32,MARCELO HENRIQUE MACIEL DA COSTA,ACEMV / PREFEITURA DE VOTORANTIM / SEDESP-SP,ADULTO MAS,3,0,0,0,0,3,,
20,MÁRCIO APARECIDO BATISTA,ASSOCIAÇÃO ATLÉTICA PONTE PRETA COUNTRY CLUB-SP,MASTER 60MAS,3,3,0,0,0,0,,
41,MARCUS VINICIUS MAIA DA CRUZ,NEW PONG - SÃO JOSÉ DO RIO PRETO/SP - ACADEMIA DE TÊNIS DE MESA,MASTER 30MAS,3,0,0,3,0,0,,
20,MARIA CLARA VERGALIM DOS SANTOS,YARA CLUBE/ACADEMIA NELSON MACHADO/UNIMED/UNIMAR/SELJ-MARÍLIA-SP,SUB-15 FEM,3,0,0,3,0,0,,
15,MARIANA RODRIGUES GEHRE CHAGAS,ASSOC. NOVA ERA DE T.M.-SP,MASTER 40FEM,3,3,0,0,0,0,,
41,MATHEUS CAMARGO CAVALCANTE,INST. FAIR PLAY DE DESENVOLVIMENTO ESPORTIVO-SP,SUB-13 MAS,3,0,1,0,1,1,,
34,MATHEUS DE ASSIS RODRIGUES,TEAM MANCINI -SP,ABSOLUTO A MAS,3,0,0,0,0,3,,
26,MATHEUS VEROLA DE MENEZES,TT MAGNUS-SP,SUB-11 MAS,3,0,0,3,0,0,,
49,MIGUEL ASADA INCERPI,ESPORTE CLUBE PRAIA GRANDE - SP,SUB-15 MAS,3,0,1,1,0,1,,
26,MIGUEL KENGI MANTOVAN YASSUDA,NEW PONG - SÃO JOSÉ DO RIO PRETO/SP - ACADEMIA DE TÊNIS DE MESA,SUB-11 MAS,3,0,0,3,0,0,,
41,MIGUEL KENJI INOUE DE PAULA,NEW PONG - SÃO JOSÉ DO RIO PRETO/SP - ACADEMIA DE TÊNIS DE MESA,SUB-13 MAS,3,0,0,3,0,0,,
16,NATÁLIA YUKI YAGYU,ITAIM KEIKO / JJYAMADA - SP,SUB-17 FEM,3,0,0,0,0,3,,
34,NICHOLAS CASTILHO MESTRE,TIME JUNDIAÍ - SP,ABSOLUTO A MAS,3,0,0,0,3,0,,
32,NICOLAS DOS SANTOS LOURENÇO,MIRASSOL TENIS DE MESA - SP,ADULTO MAS,3,0,0,3,0,0,,
37,NICOLLAS SANTANA SILVA,POWER PONG TM/ASSOCIAÇÃO DOS MESATENISTAS DE CAMPINAS-SP,SUB-17 MAS,3,1,1,0,1,0,,
25,PAULO CECILIO JUNIOR,NEW PONG - SÃO JOSÉ DO RIO PRETO/SP - ACADEMIA DE TÊNIS DE MESA,MASTER 40MAS,3,0,0,3,0,0,,
49,PEDRO FORTES DE SOUZA,SÃO JOSÉ FUTSAL E ESPORTES OLÍMPICOS-SP,SUB-15 MAS,3,1,1,1,0,0,,
34,PEDRO HENRIQUE GUEDES REZENDE PINTO,ESPORTE CLUBE PRAIA GRANDE - SP,ABSOLUTO A MAS,3,0,0,3,0,0,,
41,PEDRO HENRIQUE SILVA TEODORO,CR SALDANHA DA GAMA/SANTA CECÍLIA/FUPES - SP,SUB-13 MAS,3,1,0,0,1,1,,
25,RAFAEL NEPOSIANO MONTEIRO,TEAM MANCINI -SP,MASTER 40MAS,3,3,0,0,0,0,,
32,RAFAEL ROSA TAKUSHI,TEAM MANCINI -SP,ADULTO MAS,3,3,0,0,0,0,,
31,RAUHÃ SEGANTINE DA GRAÇA,MIRASSOL TENIS DE MESA,SUB-19 MAS,3,0,3,0,0,0,,
41,ROBERT BENETELLI DE ALBUQUERQUE,TOP SPIN BRASIL ACADEMY TENIS DE MESA LTDA-SP,MASTER 30MAS,3,3,0,0,0,0,,
34,ROBERTO BRAZ GARCIA ZANGALI,ITAIM KEIKO / JJYAMADA - SP,ABSOLUTO A MAS,3,0,0,0,0,3,,
29,ROBERTO DOMINGUES DE ANDRADE,SPING-PONG ACADEMIA DE ESPORTE E TREINAMENTOS,MASTER 50MAS,3,1,1,0,1,0,,
29,RODRIGO RIBEIRO DOS SANTOS,UCEG-UNIÃO CULTURAL E ESPORTIVA GUARULHENSE-SP,MASTER 50MAS,3,3,0,0,0,0,,
20,ROGERIO CAPOBIANCO,MASTER PONG TT ACADEMIA-SP,MASTER 60MAS,3,0,0,0,3,0,,
10,SILVIO YORIKI MIZOGUCHI,MASTER PONG TT ACADEMIA-SP,MASTER 70MAS,3,0,0,0,3,0,,
49,THALES SCARELLI GONÇALVES,PONG ZONE CENTRO DE TREINAMENTO DE TÊNIS DE MESA LTDA-SP,SUB-15 MAS,3,1,0,1,1,0,,
31,THIAGO LUIS PEREIRA,MIRASSOL TENIS DE MESA - SP,SUB-19 MAS,3,0,0,3,0,0,,
25,THIAGO SILVA CERQUEIRA,ASSOC. NOVA ERA DE T.M.-SP,MASTER 40MAS,3,3,0,0,0,0,,
11,VITÓRIA TRINDADE DOS SANTOS,ASSOCIACAO BETHEL DE BOTUCATU-SP,SUB-19 FEM,3,3,0,0,0,0,,
48,ALEX MARUYAMA ANDRADA,PONG ZONE CENTRO DE TREINAMENTO DE TÊNIS DE MESA LTDA-SP,SUB-13 MAS,2,1,0,0,0,1,,
50,ALEXANDER MUNOZ GARCIA,POWER PONG TM/ASSOCIAÇÃO DOS MESATENISTAS DE CAMPINAS-SP,MASTER 30MAS,2,1,1,0,0,0,,
48,ARTHUR JOSÉ TRINTINO VIANNA,ASSOC.JAUENSE DE T.M./PREFEITURA DE JAÚ-SP,SUB-13 MAS,2,0,1,1,0,0,,
48,BENÍCIO ARAÚJO SOARES,TT MAGNUS-SP,SUB-13 MAS,2,1,1,0,0,0,,
45,BENTO DE MORAIS NAVARRO,ASSOC. NOVA ERA DE T.M.-SP,SUB-17 MAS,2,1,0,1,0,0,,
65,BRAYAN DOS SANTOS TELES,TIME JUNDIAÍ - SP,SUB-15 MAS,2,1,1,0,0,0,,
25,BRUNNO CESAR BARRETO,SPING-PONG ACADEMIA DE ESPORTE E TREINAMENTOS - SP,SUB-21 MAS,2,0,0,0,1,1,,
45,DAVI CASELATO OLIVEIRA,TIME JUNDIAÍ - SP,SUB-17 MAS,2,1,1,0,0,0,,
65,DAVI MIGUEL TORRES E ABRÃO CORRÊA,M2TM CENTRO DE TREINAMENTO DE TÊNIS DE MESA-SP,SUB-15 MAS,2,1,0,0,0,1,,
45,EDUARDO GODOY MOTA,POWER PONG TM/ASSOCIAÇÃO DOS MESATENISTAS DE CAMPINAS-SP,SUB-17 MAS,2,1,1,0,0,0,,
65,EDUARDO YERA NAKAJUM,YARA CLUBE/ACADEMIA NELSON MACHADO/UNIMED/UNIMAR/SELJ-MARÍLIA-SP,SUB-15 MAS,2,1,1,0,0,0,,
65,ENZO DIAS CARVALHO,UCEG-UNIÃO CULTURAL E ESPORTIVA GUARULHENSE-SP,SUB-15 MAS,2,0,0,0,1,1,,
50,FAGNER CAMARGO FROES,CLUBE DE TÊNIS DE MESA DE PINDAMONHANGABA - SP,MASTER 30MAS,2,0,0,0,1,1,,
50,FELIPE CELESTINO RODRIGUES DA SILVA,PLAY PONG / ADAC - CARAGUATATUBA-SP,MASTER 30MAS,2,1,1,0,0,0,,
48,FERNANDO NASSAR,ASSOC.JAUENSE DE T.M./PREFEITURA DE JAÚ-SP,SUB-13 MAS,2,1,1,0,0,0,,
65,GABRIEL JOSÉ TARGON RODRIGUES,MIRASSOL TENIS DE MESA,SUB-15 MAS,2,0,1,1,0,0,,
48,GIOVANNI CASTRO MANZINI,POWER PONG TM/ASSOCIAÇÃO DOS MESATENISTAS DE CAMPINAS-SP,SUB-13 MAS,2,0,0,0,1,1,,
35,HENRIQUE FÉLIX BURNETT PAVANI,SPING-PONG ACADEMIA DE ESPORTE E TREINAMENTOS - SP,SUB-19 MAS,2,0,0,0,1,1,,
65,HENRIQUE JUNITIRO UWAI,ACEMV / PREFEITURA DE VOTORANTIM / SEDESP-SP,SUB-15 MAS,2,1,1,0,0,0,,
35,ISAAC SOARES LINHARES,ASSOCIAÇÃO CULTURAL E ASSISTENCIAL MIE KENJIN DO BRASIL-SP,SUB-19 MAS,2,1,1,0,0,0,,
45,JOÃO DE MORAIS NAVARRO,ASSOC. NOVA ERA DE T.M.-SP,SUB-17 MAS,2,1,0,1,0,0,,
48,JOÃO GABRIEL DOS SANTOS DEMENIS,SÃO JOSÉ FUTSAL E ESPORTES OLÍMPICOS-SP,SUB-13 MAS,2,1,1,0,0,0,,
65,JOÃO GUILHERME LIMA DE SOUZA,MASTER PONG TT ACADEMIA-SP,SUB-15 MAS,2,0,0,0,1,1,,
65,JOÃO PEDRO MARTINS NARVAIS,ESPORTE CLUBE PRAIA GRANDE - SP,SUB-15 MAS,2,1,0,1,0,0,,
45,JOÃO PEDRO SANTANA SILVA,TOP SPIN BRASIL ACADEMY TENIS DE MESA LTDA-SP,SUB-17 MAS,2,1,0,0,0,1,,
65,JOÃO VICTOR DOS SANTOS SOUZA,AFE ARARAQUARA-SP,SUB-15 MAS,2,1,0,1,0,0,,
48,JOÃO VITOR DINIZ DA SILVA,ITAIM KEIKO / JJYAMADA - SP,SUB-13 MAS,2,0,0,0,1,1,,
34,JONYMAR IVERSON RAMOS ESTUMANO,UNASP ENGENHEIRO COELHO - SP,MASTER 50MAS,2,1,1,0,0,0,,
65,JOSÉ GABRIEL ROMANO,INST. FAIR PLAY DE DESENVOLVIMENTO ESPORTIVO-SP,SUB-15 MAS,2,1,1,0,0,0,,
65,KENZO IAN HIGA,TIME JUNDIAÍ - SP,SUB-15 MAS,2,1,1,0,0,0,,
65,KEVIN KOITI NISHINO,POWER PONG TM/ASSOCIAÇÃO DOS MESATENISTAS DE CAMPINAS-SP,SUB-15 MAS,2,1,0,0,1,0,,
65,LINCOLN RYUJI NAKAGAWA,SPING-PONG ACADEMIA DE ESPORTE E TREINAMENTOS - SP,SUB-15 MAS,2,0,0,0,1,1,,
48,LORENZO ZACCARIOTTO ALONSO,NOSSO CLUBE DE LIMEIRA-SP,SUB-13 MAS,2,1,1,0,0,0,,
35,LUCAS BATISTA KURIHARA,UCEG-UNIÃO CULTURAL E ESPORTIVA GUARULHENSE-SP,SUB-19 MAS,2,0,0,0,1,1,,
48,LUCAS FILA COSTA PINTO,ASSOC.JAUENSE DE T.M./PREFEITURA DE JAÚ-SP,SUB-13 MAS,2,1,1,0,0,0,,
65,LUCAS GUIMARÃES DO AMARAL LEMOS,ESPORTE CLUBE PRAIA GRANDE - SP,SUB-15 MAS,2,0,0,0,1,1,,
32,LUCCA OLIVEIRA E SILVA,MASTER PONG TT ACADEMIA-SP,SUB-11 MAS,2,0,0,0,1,1,,
48,LUIS FERNANDO SANTAMARIA DIAS,PONG ZONE CENTRO DE TREINAMENTO DE TÊNIS DE MESA LTDA-SP,SUB-13 MAS,2,0,0,0,1,1,,
48,MATHEUS ANTONIALLI TASHIMA,ITAIM KEIKO / JJYAMADA - SP,SUB-13 MAS,2,0,0,0,1,1,,
45,MATHEUS BLANCO PAZELLI,TT MAGNUS-SP,SUB-17 MAS,2,0,0,1,1,0,,
65,MIGUEL ALBIERI PIGOZZI,YARA CLUBE/ACADEMIA NELSON MACHADO/UNIMED/UNIMAR/SELJ-MARÍLIA-SP,SUB-15 MAS,2,0,1,1,0,0,,
48,MURILO AUGUSTO ALBIERI ORLANDIM JUNIOR,CR SALDANHA DA GAMA/SANTA CECÍLIA/FUPES - SP,SUB-13 MAS,2,1,0,0,1,0,,
45,NICOLAS TAKATSU CHOI,ASSOCIAÇÃO CULTURAL NIPO BRASILEIRA DE SÃO CAETANO DO SUL/BUNKA-SP,SUB-17 MAS,2,0,0,1,0,1,,
65,OTÁVIO FELICIANO SACCARDO,TIME JUNDIAÍ - SP,SUB-15 MAS,2,1,1,0,0,0,,
48,PEDRO BORGES DA SILVA JÚNIOR,TT MAGNUS-SP,SUB-13 MAS,2,0,0,1,1,0,,
48,PEDRO TOSHIO RODRIGUES NAKAI,NOSSO CLUBE DE LIMEIRA-SP,SUB-13 MAS,2,1,1,0,0,0,,
32,RAFAEL MARINO MAEDA,CLUBE DE TÊNIS DE MESA DE PINDAMONHANGABA - SP,SUB-11 MAS,2,0,1,0,1,0,,
34,RICARDO OLIVEIRA DRUMMOND,ACADEMIA DE TÊNIS DE MESA LIFE PONG - SP,MASTER 50MAS,2,1,1,0,0,0,,
65,SAMUEL COSTA BRAZ,ITAIM KEIKO / JJYAMADA - SP,SUB-15 MAS,2,0,0,0,1,1,,
34,SÉRGIO NUNES MURITIBA,TOP SPIN BRASIL ACADEMY TENIS DE MESA LTDA-SP,MASTER 40MAS,2,1,0,0,1,0,,
34,SIDNEY FABRÍCIO BREDA,CLUBE RECREATIVO SUMARÉ-SP,MASTER 50MAS,2,0,0,0,1,1,,
65,THÉO DA SILVA MACHADO,M2TM CENTRO DE TREINAMENTO DE TÊNIS DE MESA-SP,SUB-15 MAS,2,1,1,0,0,0,,
65,THÉO SANTILLI CHANQUETTI,NOSSO CLUBE DE LIMEIRA-SP,SUB-15 MAS,2,1,1,0,0,0,,
50,VALDEIR SILVA FERREIRA,TOP SPIN BRASIL ACADEMY TENIS DE MESA LTDA-SP,MASTER 30MAS,2,1,1,0,0,0,,
65,VINICIUS CAMPOS VERNAGLIA,INST. FAIR PLAY DE DESENVOLVIMENTO ESPORTIVO-SP,SUB-15 MAS,2,1,1,0,0,0,,
48,VINÍCIUS CARDOSO DE CARVALHO,NOSSO CLUBE DE LIMEIRA-SP,SUB-13 MAS,2,1,1,0,0,0,,
63,DAVI LUIZ DA SILVA MEDEIROS,ESPORTE CLUBE PRAIA GRANDE - SP,SUB-13 MAS,1,1,0,0,0,0,,
85,ADAM MATARAGIA DE CARVALHO,NEW PONG - SÃO JOSÉ DO RIO PRETO/SP - ACADEMIA DE TÊNIS DE MESA,SUB-15 MAS,1,0,0,1,0,0,,
38,ADRIAN SOARES DE CARVALHO,AFE ARARAQUARA-SP,SUB-19 MAS,1,1,0,0,0,0,,
37,ALESSANDRO RIBEIRO LEITE,CLUBE DE TÊNIS DE MESA DE PINDAMONHANGABA - SP,MASTER 50MAS,1,0,0,0,1,0,,
54,ALEXANDRE AMARAL RESENDE,ITAIM KEIKO / JJYAMADA - SP,MASTER 30MAS,1,1,0,0,0,0,,
35,ALEXANDRE EISUKE MASSUDA,TEAM MANCINI -SP,MASTER 40MAS,1,1,0,0,0,0,,
52,ANAEL SILVA DUARTE,ESPORTE CLUBE PRAIA GRANDE - SP,SUB-17 MAS,1,0,0,0,0,1,,
37,ANTÔNIO CARLOS RIBEIRO EDUARDO,POWER PONG TM/ASSOCIAÇÃO DOS MESATENISTAS DE CAMPINAS-SP,MASTER 50MAS,1,0,1,0,0,0,,
44,ANTONIO CESAR POLEZZI,SOCIEDADE ESPORTIVA PALMEIRAS-SP,ABSOLUTO A MAS,1,0,0,0,0,1,,
35,ANTONIO CESAR POLEZZI,SOCIEDADE ESPORTIVA PALMEIRAS-SP,MASTER 40MAS,1,1,0,0,0,0,,
85,ARTHUR PITRIET STEGLICH,ASSOCIAÇÃO CULTURAL E ASSISTENCIAL MIE KENJIN DO BRASIL-SP,SUB-15 MAS,1,0,0,0,0,1,,
85,ARTHUR SOUZA SANTOS ASSUNÇÃO,CLUBE DE TÊNIS DE MESA ALVES TT/CAIEIRAS - SP,SUB-15 MAS,1,0,1,0,0,0,,
85,ARTHUR YUJI KAMITSUJI ITO,ITAIM KEIKO / JJYAMADA - SP,SUB-15 MAS,1,0,0,0,0,1,,
85,ARTHUR YUJI KAMITSUJI ITO,ITAIM KEIKO / JJYAMADA - SP,SUB-15 MAS,1,0,0,0,1,0,,
85,BERNARDO CANIN SAIDEL,ITAIM KEIKO / JJYAMADA - SP,SUB-15 MAS,1,0,0,0,0,1,,
52,BERNARDO CAVAGNARI DA MAIA,TEAM MANCINI -SP,SUB-17 MAS,1,1,0,0,0,0,,
85,BERNARDO SOARES DE CARVALHO,AFE ARARAQUARA-SP,SUB-15 MAS,1,1,0,0,0,0,,
63,BRUNO UMENO PURIFICAÇÃO,ITAIM KEIKO / JJYAMADA - SP,SUB-13 MAS,1,0,0,0,0,1,,
44,BRUNO VENTURA DOS ANJOS,CR SALDANHA DA GAMA/SANTA CECÍLIA/FUPES - SP,ABSOLUTO A MAS,1,0,1,0,0,0,,
85,CAETANO LOPES ASSEM,YARA CLUBE/ACADEMIA NELSON MACHADO/UNIMED/UNIMAR/SELJ-MARÍLIA-SP,SUB-15 MAS,1,0,1,0,0,0,,
34,CASSIO SHIMADA,UCEG-UNIÃO CULTURAL E ESPORTIVA GUARULHENSE-SP,SUB-11 MAS,1,0,0,0,0,1,,
34,CÉSAR LUCCA ROSA RAMOS TRIGLIA,UCEG-UNIÃO CULTURAL E ESPORTIVA GUARULHENSE-SP,SUB-11 MAS,1,0,0,0,0,1,,
44,CLAYTON FRANCISCO DA SILVA,PLAY PONG / ADAC - CARAGUATATUBA-SP,ABSOLUTO A MAS,1,1,0,0,0,0,,
54,CLAYTON FRANCISCO DA SILVA,PLAY PONG / ADAC - CARAGUATATUBA-SP,MASTER 30MAS,1,0,1,0,0,0,,
52,DAVI GODOY,JAU PONG TÊNIS DE MESA LTDA-SP,SUB-17 MAS,1,0,1,0,0,0,,
26,DAVI VERMELHO BORGES,ASSOCIAÇÃO CULTURAL NIPO BRASILEIRA DE SÃO CAETANO DO SUL/BUNKA-SP,SUB-21 MAS,1,0,0,0,0,1,,
35,DÊNIS GUENCA,ACADEMIA DE TÊNIS DE MESA LIFE PONG - SP,MASTER 40MAS,1,1,0,0,0,0,,
85,DIOGO VENDRAMINI,JAU PONG TÊNIS DE MESA LTDA-SP,SUB-15 MAS,1,0,0,1,0,0,,
35,EDSON PINO DA SILVA FILHO,PONG ZONE CENTRO DE TREINAMENTO DE TÊNIS DE MESA LTDA-SP,MASTER 40MAS,1,0,1,0,0,0,,
37,EDSON TADASHI HOSHIRO,TÊNIS DE MESA CASA VERDE-MI-SP,MASTER 50MAS,1,1,0,0,0,0,,
44,FABRÍCIO AUGUSTO DÁRIO,CLUBE DE CAMPO DE PIRACICABA-CCP-SP,ABSOLUTO A MAS,1,0,1,0,0,0,,
63,FELIPE ASSUNÇÃO VIEIRA,NEW PONG - SÃO JOSÉ DO RIO PRETO/SP - ACADEMIA DE TÊNIS DE MESA,SUB-13 MAS,1,0,0,1,0,0,,
44,FREDERICO ALCÂNTARA SPÍNOLA MARTINS,ESPORTE CLUBE PRAIA GRANDE - SP,ABSOLUTO A MAS,1,0,0,0,0,1,,
85,GABRIEL ELIAS AMATO,NOSSO CLUBE DE LIMEIRA-SP,SUB-15 MAS,1,1,0,0,0,0,,
44,GABRIEL LACERDA SLEZYNGER,TOP SPIN BRASIL ACADEMY TENIS DE MESA LTDA-SP,ABSOLUTO A MAS,1,1,0,0,0,0,,
54,GABRIEL LACERDA SLEZYNGER,TOP SPIN BRASIL ACADEMY TENIS DE MESA LTDA-SP,MASTER 30MAS,1,0,1,0,0,0,,
38,GUILHERME REBELATO,ASSOCIAÇÃO RCTM - SP,SUB-19 MAS,1,0,1,0,0,0,,
63,GUILHERME SIMON BARAS PACHECO,ITAIM KEIKO / JJYAMADA - SP,SUB-13 MAS,1,0,0,0,0,1,,
35,GUSTAVO ANVERSI UKITA,ACENBO OSASCO - LIGA-SP,MASTER 40MAS,1,1,0,0,0,0,,
85,GUSTAVO HENRIQUE GOMES SOARES,TEAM MANCINI -SP,SUB-15 MAS,1,1,0,0,0,0,,
85,GUSTAVO HENRIQUE SETIN FERREIRA,ESPORTE CLUBE PRAIA GRANDE - SP,SUB-15 MAS,1,0,0,0,1,0,,
63,HEITOR KENZO VESPA IMAMURA,NEW PONG - SÃO JOSÉ DO RIO PRETO/SP - ACADEMIA DE TÊNIS DE MESA,SUB-13 MAS,1,0,0,1,0,0,,
21,HELENA CHICANELLI GONÇALVES,CLUBE DE CAMPO DE PIRACICABA-CCP-SP,SUB-13 FEM,1,0,1,0,0,0,,
44,HÉVERTON FIGUERÊDO DA SILVA,TOP SPIN BRASIL ACADEMY TENIS DE MESA LTDA-SP,ABSOLUTO A MAS,1,1,0,0,0,0,,
44,HIGOR  ALVERNAZ,CLUBE DE TÊNIS DE MESA ALVES TT/CAIEIRAS - SP,ABSOLUTO A MAS,1,0,0,0,1,0,,
26,HUGO APARECIDO RODRIGUES LEMOS,M2TM CENTRO DE TREINAMENTO DE TÊNIS DE MESA-SP,SUB-21 MAS,1,0,1,0,0,0,,
85,JOÃO HENRIQUE NEGRINI FRANÇOSO,TIME JUNDIAÍ - SP,SUB-15 MAS,1,0,1,0,0,0,,
54,JOÃO PAULO ZAMITH,CLUBE DE TÊNIS DE MESA DE PINDAMONHANGABA - SP,MASTER 30MAS,1,0,1,0,0,0,,
85,JOÃO PEDRO ANTUNES DOS SANTOS,ESPORTE CLUBE PRAIA GRANDE - SP,SUB-15 MAS,1,0,0,0,1,0,,
85,JOAO PEDRO FURCHINI ALARCON,TT MAGNUS-SP,SUB-15 MAS,1,0,0,1,0,0,,
42,JOAQUIM LOUREIRO MONTINI,CLUBE DE TÊNIS DE MESA DE PINDAMONHANGABA - SP,ADULTO MAS,1,0,1,0,0,0,,
35,JOSE AUGUSTO DA SILVA,ASSOCIAÇÃO ATLÉTICA SALTENSE-SP,MASTER 40MAS,1,0,1,0,0,0,,
52,KAUAN OLIVEIRA DA SILVA,TIME JUNDIAÍ - SP,SUB-17 MAS,1,0,1,0,0,0,,
42,KEVYN LEANDRINI,ACADEMIA DUNAMIS DE TÊNIS DE MESA-SP,ADULTO MAS,1,0,0,0,0,1,,
35,LEANDRO DA SILVA SANTOS,CLUBE DE TÊNIS DE MESA DE PINDAMONHANGABA - SP,MASTER 40MAS,1,1,0,0,0,0,,
35,LEONARDO SANCHES MUNICELLI,CLUBE DE CAMPO DE PIRACICABA-CCP-SP,MASTER 40MAS,1,1,0,0,0,0,,
34,LORENZO SOUSA FERNANDES,ITAIM KEIKO / JJYAMADA - SP,SUB-11 MAS,1,0,0,0,0,1,,
85,LUCAS GUEDES SEGURA,ITAIM KEIKO / JJYAMADA - SP,SUB-15 MAS,1,0,0,0,0,1,,
37,MARCELO AUGUSTO OLIVEIRA,TEAM MANCINI -SP,MASTER 50MAS,1,1,0,0,0,0,,
35,MARCO JIM GUI VALLIN,POWER PONG TM/ASSOCIAÇÃO DOS MESATENISTAS DE CAMPINAS-SP,MASTER 40MAS,1,0,1,0,0,0,,
85,MATEUS RODRIGUES BARRA DIAS,SÃO JOSÉ FUTSAL E ESPORTES OLÍMPICOS-SP,SUB-15 MAS,1,1,0,0,0,0,,
85,MATEUS ZAMBOM COLUCI,ASSOCIAÇÃO RCTM - SP,SUB-15 MAS,1,0,1,0,0,0,,
35,MICHEL DIAS MOLICA,ITAIM KEIKO / JJYAMADA - SP,MASTER 40MAS,1,0,0,0,1,0,,
85,MIGUEL DE OLIVEIRA MARTINS,TT MAGNUS-SP,SUB-15 MAS,1,0,0,1,0,0,,
85,MIGUEL DELLA VALLE RIBEIRO DA SILVA,AFE ARARAQUARA-SP,SUB-15 MAS,1,1,0,0,0,0,,
85,MIGUEL DEROZA RODRIGUES,UCEG-UNIÃO CULTURAL E ESPORTIVA GUARULHENSE-SP,SUB-15 MAS,1,0,0,0,0,1,,
85,MIGUEL REZENDE ORELLANA,CLUBE DE CAMPO DE PIRACICABA-CCP-SP,SUB-15 MAS,1,0,1,0,0,0,,
22,NICOLE DE JESUS SANTOS,ESPORTE CLUBE PRAIA GRANDE - SP,ABSOLUTO A FEM,1,0,0,0,1,0,,
38,OTAVIOCALHEIRO FRANCO DE OLIVEIRA,ASSOCIAÇÃO RCTM - SP,SUB-19 MAS,1,0,1,0,0,0,,
44,PAULO SÉRGIO SALMIN FILHO,SESI - SP,ABSOLUTO A MAS,1,1,0,0,0,0,,
34,PEDRO MECENERO FRANCO,ASSOCIAÇÃO ATLÉTICA PONTE PRETA COUNTRY CLUB-SP,SUB-11 MAS,1,0,0,0,1,0,,
52,PEDRO.AUGUSTO VIEIRA DOS SANTOS,TMSA - TÊNIS DE MESA SANTO ANDRÉ - SP,SUB-17 MAS,1,0,0,0,0,1,,
54,RAFAEL ALVES,ASSOCIAÇÃO RCTM - SP,MASTER 30MAS,1,0,1,0,0,0,,
38,RAFAEL VENTINO ARAUJO,ITAIM KEIKO / JJYAMADA - SP,SUB-19 MAS,1,0,0,0,0,1,,
35,RAFAEL ZUIANI KAVAMURA,TIME JUNDIAÍ - SP,MASTER 40MAS,1,1,0,0,0,0,,
63,RAUL ELIAS ESTECIO,NOSSO CLUBE DE LIMEIRA-SP,SUB-13 MAS,1,1,0,0,0,0,,
37,REINALDO FURUUTI,POWER PONG TM/ASSOCIAÇÃO DOS MESATENISTAS DE CAMPINAS-SP,MASTER 50MAS,1,0,0,0,0,1,,
42,RENAN RAFAEL DE ROSA CONCEICAO,SPING-PONG ACADEMIA DE ESPORTE E TREINAMENTOS - SP,ADULTO MAS,1,0,0,0,1,0,,
37,RENATO DLEIZER,ASSOCIAÇÃO ESPORTIVA RECREATIVA ATEME-SP,MASTER 50MAS,1,0,0,0,0,1,,
85,RICARDO POVEDA,TT MAGNUS-SP,SUB-15 MAS,1,0,0,1,0,0,,
35,RODRIGO ANTÔNIO VITAL,CLUBE RECREATIVO SUMARÉ-SP,MASTER 40MAS,1,1,0,0,0,0,,
42,RODRIGO RIBEIRO DOS SANTOS,UCEG-UNIÃO CULTURAL E ESPORTIVA GUARULHENSE-SP,ADULTO MAS,1,0,0,0,0,1,,
44,RYAN OLIVEIRA,ASSOCIAÇÃO RCTM - SP,ABSOLUTO A MAS,1,1,0,0,0,0,,
38,RYAN VICTOR SALDANHA SANTOS,CR SALDANHA DA GAMA/SANTA CECÍLIA/FUPES - SP,SUB-19 MAS,1,1,0,0,0,0,,
52,SAMUEL BERTOLASSI,CLUBE RECREATIVO SUMARÉ-SP,SUB-17 MAS,1,1,0,0,0,0,,
52,THEO ENRICO MURAKAMI TADIMA,ASSOCIAÇÃO CULTURAL NIPO BRASILEIRA DE SÃO CAETANO DO SUL/BUNKA-SP,SUB-17 MAS,1,0,0,0,1,0,,
85,TIAGO HOLTZ AMATO,SOCIEDADE ESPORTIVA PALMEIRAS-SP,SUB-15 MAS,1,1,0,0,0,0,,
85,TIAGO NAOKI NAGATA,ASSOCIAÇÃO RCTM - SP,SUB-15 MAS,1,0,1,0,0,0,,
52,VITOR MOLICA,ITAIM KEIKO / JJYAMADA - SP,SUB-17 MAS,1,0,0,0,1,0,,
110,BRUNO PALORCA JAKOWATZ,ASSOCIAÇÃO ATLÉTICA PONTE PRETA COUNTRY CLUB-SP,SUB-15 MAS,0,0,0,0,0,0,,
59,CAUÊ VICENTE ROSA,ASSOCIAÇÃO ESPORTIVA RECREATIVA ATEME-SP,MASTER 30MAS,0,0,0,0,0,0,,
69,EDUARDO MIGANI KITANO,ACADEMIA DUNAMIS DE TÊNIS DE MESA-SP,SUB-13 MAS,0,0,0,0,0,0,,
1,LUCAS FONSECA SEGREGIO,TMSA - TÊNIS DE MESA SANTO ANDRÉ - SP,Classe 09 (MAS),94,20,14,20,20,20,,
1,CESAR GAMERO VALÉRIO SILVA,ASSOCIAÇÃO CULTURAL NIPO BRASILEIRA DE SÃO CAETANO DO SUL/BUNKA-SP,Classe 08 (MAS),82,14,14,20,14,20,,
1,TIAGO DE FREITAS,TMSA - TÊNIS DE MESA SANTO ANDRÉ - SP,Classe 02 (MAS),80,20,20,0,20,20,,
1,ANDERSON ARAÚJO DOS SANTOS,ESPORTE CLUBE PRAIA GRANDE - SP,Classe 03 (MAS),80,20,20,0,20,20,,
1,FELIPE AMORIM DE OLIVEIRA,CLUBE INCLUSIVO /INSTITUTO AJINOMOTO - SP,Classe 06 (MAS),80,20,20,20,0,20,,
2,MATHEUS DUTRA BARSOTTI DE FREITAS,CR SALDANHA DA GAMA/SANTA CECÍLIA/FUPES - SP,Classe 08 (MAS),68,10,10,14,20,14,,
1,DANIELLE RAUEN,SESI-SP,Classe 09 (FEM),60,20,0,0,20,20,,
1,CLAUDIO MASSAD,SESI-SP,Classe 10 (MAS),60,20,0,20,0,20,,
1,JOÃO PEDRO MARTINS NARVAIS,ESPORTE CLUBE PRAIA GRANDE - SP,Classe 07 (MAS),58,14,0,10,20,14,,
1,PAULO CESAR DE OLIVEIRA,TMSA - TÊNIS DE MESA SANTO ANDRÉ - SP,Classe 04 (MAS),57,20,10,0,7,20,,
2,DEMÉTRIUS JOSÉ BARROS REIS,SESI-SP,Classe 07 (MAS),54,10,14,10,10,10,,
2,PAULO SÉRGIO SALMIN FILHO,SESI-SP,Classe 07 (MAS),54,20,0,14,0,20,,
2,ITALO MARTINS DE ARAUJO,ESPORTE CLUBE PRAIA GRANDE - SP,Classe 03 (MAS),48,10,10,0,14,14,,
2,MARLISON HENRIQUE DA SILVA ALFAIA,ESPORTE CLUBE PRAIA GRANDE - SP,Classe 06 (MAS),48,14,14,0,10,10,,
2,RYAN VICTOR SALDANHA SANTOS,CR SALDANHA DA GAMA/SANTA CECÍLIA/FUPES - SP,Classe 10 (MAS),48,14,0,0,20,14,,
3,ANDRÉ GONÇALVES DOS SANTOS,SESI-SP,Classe 03 (MAS),44,14,10,0,10,10,,
4,PEDRO DE MATTOS MARTINS,CR SALDANHA DA GAMA/SANTA CECÍLIA/FUPES - SP,Classe 07 (MAS),44,10,10,0,14,10,,
1,ALINE FERREIRA MENESES,CLUBE INCLUSIVO /INSTITUTO AJINOMOTO - SP,Classe 07 (FEM),40,20,0,0,0,20,,
3,BRUNO KAZUO MUNE,ACADEMIA DUNAMIS DE TÊNIS DE MESA-SP,Classe 08 (MAS),40,10,10,0,10,10,,
2,KARINA BEZERRA  BECKER ALOISE MOURA,ESPORTE CLUBE PRAIA GRANDE - SP,Classe 09 (FEM),38,14,0,0,14,10,,
4,ELIAS DE CASTRO PEREIRA DA SILVA,CLUBE DE TÊNIS DE MESA ALVES TT/CAIEIRAS - SP,Classe 03 (MAS),34,10,14,0,0,10,,
3,LUIZ HENRIQUE MEDINA,CLUBE DE TÊNIS DE MESA ALVES TT/CAIEIRAS - SP,Classe 06 (MAS),28,0,0,0,14,14,,
4,ALLAN DOUTOR MENDES DOS SANTOS,POWER PONG TM/ASSOCIAÇÃO DOS MESATENISTAS DE CAMPINAS-SP,Classe 06 (MAS),24,0,0,14,0,10,,
3,ANAEL SILVA DUARTE,ESPORTE CLUBE PRAIA GRANDE - SP,Classe 10 (MAS),24,0,0,0,14,10,,
1,NICOLE FERREIRA RODRIGUES DOS SANTOS,CLUBE INCLUSIVO /INSTITUTO AJINOMOTO - SP,Classe 01 (FEM),20,0,0,0,0,20,,
1,CÁTIA CRISTINA DA SILVA OLIVEIRA,SESI - SP,Classe 02 (FEM),20,0,0,0,0,20,,
1,JOYCE FERNANDA DE OLIVEIRA QUINZOTE,SESI - SP,Classe 03 (FEM),20,0,0,0,0,20,,
5,FERNANDO DE OLIVEIRA,ESPORTE CLUBE PRAIA GRANDE - SP,Classe 06 (MAS),20,0,0,0,20,0,,
4,LUIZ FILIPE GUARNIERI MANARA,ASSOCIAÇÃO DESPORTIVA E CULTURAL ARTE DA LUTA - SP,Classe 08 (MAS),20,20,0,0,0,0,,
4,LUCAS FAGUNDES GRILO,ESPORTE CLUBE PRAIA GRANDE - SP,Classe 08 (MAS),20,0,20,0,0,0,,
3,ISABELLE TAMAROZI,ASSOCIAÇÃO CULTURAL E ASSISTENCIAL MIE KENJIN DO BRASIL-SP,Classe 09 (FEM),20,10,0,0,0,10,,
1,MANUELA LIMA,SOCIEDADE ESPORTIVA PALMEIRAS-SP,Classe 10 (FEM),20,10,0,0,10,0,,
1,KAYNAN WILLIANS CAPELLO DE SOUZA,ESPORTE CLUBE PRAIA GRANDE - SP,Classe 11 (MAS),20,20,0,0,0,0,,
1,DANIEL GEOVANY MARTINS DE LIMA,CLUBE INCLUSIVO /INSTITUTO AJINOMOTO - SP,Classe 05 (MAS),17,7,0,0,0,10,,
4,JOAO VICTOR ALONSO VALESE MARINI,ASSOCIAÇÃO DOS SERVIDORES MUNICIPAIS DE RIBEIRÃO PRETO - SP,Classe 10 (MAS),14,0,0,14,0,0,,
2,DAVI SILVA CALAZANS,TÊNIS DE MESA CASA VERDE-MI-SP,Classe 11 (MAS),14,14,0,0,0,0,,
5,FRANKLIN ROBERTO DOS SANTOS ALVES,ESPORTE CLUBE PRAIA GRANDE - SP,Classe 07 (MAS),10,0,10,0,0,0,,
6,MATEUS GABRIEL ARRIERO XAVIER,ARAÇA PONG / SMELR ARAÇATUBA – SP,Classe 08 (MAS),10,0,0,10,0,0,,
3,ANDRÉ SILVA CALAZANS,TÊNIS DE MESA CASA VERDE-MI-SP,Classe 11 (MAS),10,10,0,0,0,0,,
1,ADECO/CENTRO OLÍMPICO/CEPEUSP-SP,ADECO/CENTRO OLÍMPICO/CEPEUSP-SP,Troféu Eficiência - Olímpico,1243,228,265,281,248,221,,
2,TEAM MANCINI -SP,TEAM MANCINI -SP,Troféu Eficiência - Olímpico,1170,214,259,273,224,200,,
3,ASSOCIAÇÃO CULTURAL NIPO BRASILEIRA DE SÃO CAETANO DO SUL/BUNKA-SP,ASSOCIAÇÃO CULTURAL NIPO BRASILEIRA DE SÃO CAETANO DO SUL/BUNKA-SP,Troféu Eficiência - Olímpico,1123,219,231,227,212,234,,
4,ITAIM KEIKO / JJYAMADA - SP,ITAIM KEIKO / JJYAMADA - SP,Troféu Eficiência - Olímpico,899,187,185,116,176,235,,
5,TMSA - TÊNIS DE MESA SANTO ANDRÉ - SP,TMSA - TÊNIS DE MESA SANTO ANDRÉ - SP,Troféu Eficiência - Olímpico,856,201,131,197,165,162,,
6,YARA CLUBE/ACADEMIA NELSON MACHADO/UNIMED/UNIMAR/SELJ-MARÍLIA-SP,YARA CLUBE/ACADEMIA NELSON MACHADO/UNIMED/UNIMAR/SELJ-MARÍLIA-SP,Troféu Eficiência - Olímpico,692,106,142,216,130,98,,
7,ESPORTE CLUBE PRAIA GRANDE - SP,ESPORTE CLUBE PRAIA GRANDE - SP,Troféu Eficiência - Olímpico,609,90,116,142,139,122,,
8,CR SALDANHA DA GAMA/SANTA CECÍLIA/FUPES - SP,CR SALDANHA DA GAMA/SANTA CECÍLIA/FUPES - SP,Troféu Eficiência - Olímpico,529,107,94,88,131,109,,
9,SESI - SP,SESI - SP,Troféu Eficiência - Olímpico,486,129,82,89,76,110,,
10,MASTER PONG TT ACADEMIA-SP,MASTER PONG TT ACADEMIA-SP,Troféu Eficiência - Olímpico,447,58,95,95,103,96,,
11,INST. FAIR PLAY DE DESENVOLVIMENTO ESPORTIVO-SP,INST. FAIR PLAY DE DESENVOLVIMENTO ESPORTIVO-SP,Troféu Eficiência - Olímpico,443,96,93,76,76,102,,
12,PONG ZONE CENTRO DE TREINAMENTO DE TÊNIS DE MESA LTDA-SP,PONG ZONE CENTRO DE TREINAMENTO DE TÊNIS DE MESA LTDA-SP,Troféu Eficiência - Olímpico,400,96,73,52,86,93,,
13,ASSOC.JAUENSE DE T.M./PREFEITURA DE JAÚ-SP,ASSOC.JAUENSE DE T.M./PREFEITURA DE JAÚ-SP,Troféu Eficiência - Olímpico,340,62,56,62,62,98,,
14,POWER PONG TM/ASSOCIAÇÃO DOS MESATENISTAS DE CAMPINAS-SP,POWER PONG TM/ASSOCIAÇÃO DOS MESATENISTAS DE CAMPINAS-SP,Troféu Eficiência - Olímpico,304,71,101,7,44,81,,
15,ASSOCIAÇÃO ATLÉTICA SALTENSE-SP,ASSOCIAÇÃO ATLÉTICA SALTENSE-SP,Troféu Eficiência - Olímpico,247,55,58,61,31,42,,
16,TOP SPIN BRASIL ACADEMY TENIS DE MESA LTDA-SP,TOP SPIN BRASIL ACADEMY TENIS DE MESA LTDA-SP,Troféu Eficiência - Olímpico,222,48,34,37,58,45,,
17,SOCIEDADE ESPORTIVA PALMEIRAS-SP,SOCIEDADE ESPORTIVA PALMEIRAS-SP,Troféu Eficiência - Olímpico,218,21,44,54,69,30,,
18,ASSOC. NOVA ERA DE T.M.-SP,ASSOC. NOVA ERA DE T.M.-SP,Troféu Eficiência - Olímpico,206,64,61,17,37,27,,
19,CLUBE ITUANO DE ESPORTES-SP,CLUBE ITUANO DE ESPORTES-SP,Troféu Eficiência - Olímpico,199,55,27,37,40,40,,
20,SPING-PONG ACADEMIA DE ESPORTE E TREINAMENTOS - SP,SPING-PONG ACADEMIA DE ESPORTE E TREINAMENTOS - SP,Troféu Eficiência - Olímpico,197,42,0,44,47,64,,
21,ASSOCIAÇÃO ESPORTIVA RECREATIVA ATEME-SP,ASSOCIAÇÃO ESPORTIVA RECREATIVA ATEME-SP,Troféu Eficiência - Olímpico,189,35,21,37,41,55,,
22,ACADEMIA DE TÊNIS DE MESA LIFE PONG - SP,ACADEMIA DE TÊNIS DE MESA LIFE PONG - SP,Troféu Eficiência - Olímpico,159,31,17,17,35,59,,
23,ACEMV / PREFEITURA DE VOTORANTIM / SEDESP-SP,ACEMV / PREFEITURA DE VOTORANTIM / SEDESP-SP,Troféu Eficiência - Olímpico,148,48,55,0,45,0,,
24,M2TM CENTRO DE TREINAMENTO DE TÊNIS DE MESA-SP,M2TM CENTRO DE TREINAMENTO DE TÊNIS DE MESA-SP,Troféu Eficiência - Olímpico,139,7,17,34,54,27,,
25,TÊNIS DE MESA CASA VERDE-MI-SP,TÊNIS DE MESA CASA VERDE-MI-SP,Troféu Eficiência - Olímpico,134,41,28,10,31,24,,
26,CLUBE RECREATIVO SUMARÉ-SP,CLUBE RECREATIVO SUMARÉ-SP,Troféu Eficiência - Olímpico,131,37,30,10,30,24,,
27,AABB-SANTOS-SP,AABB-SANTOS-SP,Troféu Eficiência - Olímpico,128,28,20,20,40,20,,
28,ACEAS NIKKEI SUZANO - SP,ACEAS NIKKEI SUZANO - SP,Troféu Eficiência - Olímpico,124,37,30,10,20,27,,
29,ASSOCIAÇÃO CULTURAL E ASSISTENCIAL MIE KENJIN DO BRASIL-SP,ASSOCIAÇÃO CULTURAL E ASSISTENCIAL MIE KENJIN DO BRASIL-SP,Troféu Eficiência - Olímpico,122,27,17,10,27,41,,
29,ASSOCIAÇÃO FRANCANA DE VOLEIBOL - SP,ASSOCIAÇÃO FRANCANA DE VOLEIBOL - SP,Troféu Eficiência - Olímpico,122,28,0,14,40,40,,
31,SÃO JOSÉ FUTSAL E ESPORTES OLÍMPICOS-SP,SÃO JOSÉ FUTSAL E ESPORTES OLÍMPICOS-SP,Troféu Eficiência - Olímpico,113,24,21,30,24,14,,
32,CERÂMICA CLUBE - MOGI GUAÇU-SP,CERÂMICA CLUBE - MOGI GUAÇU-SP,Troféu Eficiência - Olímpico,112,24,28,20,20,20,,
33,ASSOCIACAO BETHEL DE BOTUCATU-SP,ASSOCIACAO BETHEL DE BOTUCATU-SP,Troféu Eficiência - Olímpico,106,14,30,34,14,14,,
34,ASSOCIAÇÃO ATLÉTICA PONTE PRETA COUNTRY CLUB-SP,ASSOCIAÇÃO ATLÉTICA PONTE PRETA COUNTRY CLUB-SP,Troféu Eficiência - Olímpico,105,30,14,20,27,14,,
35,UNASP ENGENHEIRO COELHO - SP,UNASP ENGENHEIRO COELHO - SP,Troféu Eficiência - Olímpico,100,20,20,20,20,20,,
36,ASSOCIAÇÃO CULTURAL E DESPORTIVA DE ASSIS - SP,ASSOCIAÇÃO CULTURAL E DESPORTIVA DE ASSIS - SP,Troféu Eficiência - Olímpico,95,0,48,47,0,0,,
37,NOSSO CLUBE DE LIMEIRA-SP,NOSSO CLUBE DE LIMEIRA-SP,Troféu Eficiência - Olímpico,88,30,24,17,17,0,,
38,ASSOCIAÇÃO OURINHENSE DE BEM ESTAR-SP,ASSOCIAÇÃO OURINHENSE DE BEM ESTAR-SP,Troféu Eficiência - Olímpico,80,20,20,0,40,0,,
39,NEW PONG - SÃO JOSÉ DO RIO PRETO/SP - ACADEMIA DE TÊNIS DE MESA,NEW PONG - SÃO JOSÉ DO RIO PRETO/SP - ACADEMIA DE TÊNIS DE MESA,Troféu Eficiência - Olímpico,69,7,14,48,0,0,,
40,UCEG-UNIÃO CULTURAL E ESPORTIVA GUARULHENSE-SP,UCEG-UNIÃO CULTURAL E ESPORTIVA GUARULHENSE-SP,Troféu Eficiência - Olímpico,59,31,14,0,14,0,,
41,TONANTEAMT.MESA-SP,TONANTEAMT.MESA-SP,Troféu Eficiência - Olímpico,58,7,7,7,10,27,,
42,CLUBE DE TÊNIS DE MESA DE PINDAMONHANGABA - SP,CLUBE DE TÊNIS DE MESA DE PINDAMONHANGABA - SP,Troféu Eficiência - Olímpico,51,10,7,0,0,34,,
43,TT MAGNUS-SP,TT MAGNUS-SP,Troféu Eficiência - Olímpico,42,0,0,14,14,14,,
44,CLUBE DE CAMPO DE PIRACICABA-CCP-SP,CLUBE DE CAMPO DE PIRACICABA-CCP-SP,Troféu Eficiência - Olímpico,34,0,14,0,20,0,,
44,ACENBO OSASCO - SP,ACENBO OSASCO - SP,Troféu Eficiência - Olímpico,34,34,0,0,0,0,,
46,ACADEMIA DUNAMIS DE TÊNIS DE MESA-SP,ACADEMIA DUNAMIS DE TÊNIS DE MESA-SP,Troféu Eficiência - Olímpico,31,10,14,7,0,0,,
47,PLAY PONG / ADAC - CARAGUATATUBA-SP,PLAY PONG / ADAC - CARAGUATATUBA-SP,Troféu Eficiência - Olímpico,28,14,0,0,7,7,,
48,ESPORTE CLUBE CASTELO - LIGA/SP,ESPORTE CLUBE CASTELO - LIGA/SP,Troféu Eficiência - Olímpico,27,0,10,0,7,10,,
49,MIRASSOL TENIS DE MESA - SP,MIRASSOL TENIS DE MESA - SP,Troféu Eficiência - Olímpico,24,0,0,24,0,0,,
50,ASSOCIAÇÃO CULTURAL E ESPORTIVA REPRESA-SP,ASSOCIAÇÃO CULTURAL E ESPORTIVA REPRESA-SP,Troféu Eficiência - Olímpico,21,7,0,0,7,7,,
51,CLUBE INCLUSIVO /INSTITUTO AJINOMOTO - SP,CLUBE INCLUSIVO /INSTITUTO AJINOMOTO - SP,Troféu Eficiência - Olímpico,20,20,0,0,0,0,,
52,ASSOCIAÇÃO DESPORTIVA E CULTURAL ARTE DA LUTA - SP,ASSOCIAÇÃO DESPORTIVA E CULTURAL ARTE DA LUTA - SP,Troféu Eficiência - Olímpico,14,14,0,0,0,0,,
52,TIME JUNDIAÍ - SP,TIME JUNDIAÍ - SP,Troféu Eficiência - Olímpico,14,0,0,0,0,14,,
52,JAU PONG TÊNIS DE MESA LTDA-SP,JAU PONG TÊNIS DE MESA LTDA-SP,Troféu Eficiência - Olímpico,14,0,0,14,0,0,,
55,ARAÇA PONG / SMELR ARAÇATUBA – SP,ARAÇA PONG / SMELR ARAÇATUBA – SP,Troféu Eficiência - Olímpico,7,0,0,7,0,0,,
55,CLUBE DE TÊNIS DE MESA ALVES TT/CAIEIRAS - SP,CLUBE DE TÊNIS DE MESA ALVES TT/CAIEIRAS - SP,Troféu Eficiência - Olímpico,7,0,0,0,7,0,,
57,LAR TABLE TENNIS-SP,LAR TABLE TENNIS-SP,Troféu Eficiência - Olímpico,0,0,0,0,0,0,,
57,ASSOCIAÇÃO DOS SERVIDORES MUNICIPAIS DE RIBEIRÃO PRETO - SP,ASSOCIAÇÃO DOS SERVIDORES MUNICIPAIS DE RIBEIRÃO PRETO - SP,Troféu Eficiência - Olímpico,0,0,0,0,0,0,,
57,ASSOCIAÇÃO RCTM - SP,ASSOCIAÇÃO RCTM - SP,Troféu Eficiência - Olímpico,0,0,0,0,0,0,,
57,AFE ARARAQUARA-SP,AFE ARARAQUARA-SP,Troféu Eficiência - Olímpico,0,0,0,0,0,0,,
57,ASSOCIAÇÃO BRASILEIRA A HEBRAICA DE SÃO PAULO-SP,ASSOCIAÇÃO BRASILEIRA A HEBRAICA DE SÃO PAULO-SP,Troféu Eficiência - Olímpico,0,0,0,0,0,0,,
1,SESI - SP,SESI - SP,Troféu Eficiência - Paralímpico,312,84,24,44,40,120,,
2,ESPORTE CLUBE PRAIA GRANDE - SP,ESPORTE CLUBE PRAIA GRANDE - SP,Troféu Eficiência - Paralímpico,308,78,74,0,92,64,,
3,TMSA - TÊNIS DE MESA SANTO ANDRÉ - SP,TMSA - TÊNIS DE MESA SANTO ANDRÉ - SP,Troféu Eficiência - Paralímpico,288,60,44,30,80,74,,
4,CR SALDANHA DA GAMA/SANTA CECÍLIA/FUPES - SP,CR SALDANHA DA GAMA/SANTA CECÍLIA/FUPES - SP,Troféu Eficiência - Paralímpico,160,34,20,14,54,38,,
5,CLUBE INCLUSIVO /INSTITUTO AJINOMOTO - SP,CLUBE INCLUSIVO /INSTITUTO AJINOMOTO - SP,Troféu Eficiência - Paralímpico,157,47,20,20,0,70,,
6,ASSOCIAÇÃO CULTURAL NIPO BRASILEIRA DE SÃO CAETANO DO SUL/BUNKA-SP,ASSOCIAÇÃO CULTURAL NIPO BRASILEIRA DE SÃO CAETANO DO SUL/BUNKA-SP,Troféu Eficiência - Paralímpico,82,14,14,20,14,20,,
7,CLUBE DE TÊNIS DE MESA ALVES TT/CAIEIRAS - SP,CLUBE DE TÊNIS DE MESA ALVES TT/CAIEIRAS - SP,Troféu Eficiência - Paralímpico,62,10,14,0,14,24,,
8,ACADEMIA DUNAMIS DE TÊNIS DE MESA-SP,ACADEMIA DUNAMIS DE TÊNIS DE MESA-SP,Troféu Eficiência - Paralímpico,40,10,10,0,10,10,,
9,SOCIEDADE ESPORTIVA PALMEIRAS-SP,SOCIEDADE ESPORTIVA PALMEIRAS-SP,Troféu Eficiência - Paralímpico,30,10,0,0,20,0,,
10,POWER PONG TM/ASSOCIAÇÃO DOS MESATENISTAS DE CAMPINAS-SP,POWER PONG TM/ASSOCIAÇÃO DOS MESATENISTAS DE CAMPINAS-SP,Troféu Eficiência - Paralímpico,24,0,0,14,0,10,,
10,TÊNIS DE MESA CASA VERDE-MI-SP,TÊNIS DE MESA CASA VERDE-MI-SP,Troféu Eficiência - Paralímpico,24,24,0,0,0,0,,
12,ASSOCIAÇÃO CULTURAL E ASSISTENCIAL MIE KENJIN DO BRASIL-SP,ASSOCIAÇÃO CULTURAL E ASSISTENCIAL MIE KENJIN DO BRASIL-SP,Troféu Eficiência - Paralímpico,20,10,0,0,0,10,,
12,ASSOCIAÇÃO DESPORTIVA E CULTURAL ARTE DA LUTA - SP,ASSOCIAÇÃO DESPORTIVA E CULTURAL ARTE DA LUTA - SP,Troféu Eficiência - Paralímpico,20,20,0,0,0,0,,
14,ASSOCIAÇÃO DOS SERVIDORES MUNICIPAIS DE RIBEIRÃO PRETO - SP,ASSOCIAÇÃO DOS SERVIDORES MUNICIPAIS DE RIBEIRÃO PRETO - SP,Troféu Eficiência - Paralímpico,14,0,0,14,0,0,,
15,ARAÇA PONG / SMELR ARAÇATUBA – SP,ARAÇA PONG / SMELR ARAÇATUBA – SP,Troféu Eficiência - Paralímpico,10,0,0,10,0,0,,